ALIM_CODE;FOOD_LABEL;nrj_kj;nrj_kcal;eau_g;sel_g;sodium_mg;magnesium_mg;phosphore_mg;potassium_mg;calcium_mg;manganese_mg;fer_mg;cuivre_mg;zinc_mg;selenium_mcg;iode_mcg;proteines_g;glucides_g;sucres_g;fructose_g;galactose_g;glucose_g;lactose_g;maltose_g;saccharose_g;amidon_g;polyols_g;fibres_g;lipides_g;ags_g;agmi_g;agpi_g;ag_04_0_g;ag_06_0_g;ag_08_0_g;ag_10_0_g;ag_12_0_g;ag_14_0_g;ag_16_0_g;ag_18_0_g;ag_18_1_ole_g;ag_18_2_lino_g;ag_18_3_a_lino_g;ag_20_4_ara_g;ag_20_5_epa_g;ag_20_6_dha_g;retinol_mcg;beta_carotene_mcg;vitamine_d_mcg;vitamine_e_mg;vitamine_k1_mcg;vitamine_k2_mcg;vitamine_c_mg;vitamine_b1_mg;vitamine_b2_mg;vitamine_b3_mg;vitamine_b5_mg;vitamine_b6_mg;vitamine_b12_mcg;vitamine_b9_mcg;alcool_g;acides_organiques_g;cholesterol_mg
6102;Boeuf, gîte à la noix, cru;622;148;68.9;0.14;54.3;22;185;334;10.3;0.012;1.85;0.086;4.16;6.5;0.9;21.3;0;0;0;0;0;0;0;0;0;0;0;7.05;2.72;3.67;0.32;0;0;0;0.028;0.019;0.21;1.66;0.81;2.57;0.12;0.079;0.061;0;0;3;0;0.4;0.29;1.4;3.7;0;0.063;0.13;6.09;0.75;0.56;1.45;9;0;0;68
6103;Boeuf, entrecôte, crue;961;231;62.5;0.075;29.8;19.5;154;270;5.44;0.011;2.21;0.066;4.25;8.13;1.1;19.4;0;0;0;0;0;0;0;0;0;0;0;17.1;8.07;6.36;0.48;0;0;0;0.013;0.014;0.54;4.29;2.68;5.02;0.19;0.053;0.2;0;0;14.5;0;0.45;0.66;1.5;3.7;0;0.069;0.2;3.91;0.6;0.29;1.85;4;0;0;69
6111;Boeuf, faux-filet, cru;639;152;70.5;0.082;32.2;21.3;189;318;9.28;0.011;2.26;0.076;3.26;10.6;0.9;22.3;0.6;0;0;0;0;0;0;0;0;0;0;6.74;2.51;2.57;0.58;0;0;0;0.0055;0.0054;0.18;1.44;0.77;2.04;0.33;0.032;0.049;0;0.00086;19;0;0.55;0.37;1.4;3.7;0;0.059;0.15;5.77;0.73;0.48;1.19;9.6;0;0;67.3
6160;Boeuf, tende de tranche, crue;488;116;74.8;0.078;31.1;17;196;329;7.93;0.006;2.75;0.061;3.46;10.1;0.9;23.1;0.57;0;0;0;0;0;0;0;0;0;0;2.34;0.8;0.82;0.19;0;0;0;0.004;0;0.044;0.47;0.23;0.64;0.068;0.014;0.058;0.004;0.002;3;0;0.4;0.23;1.5;3.7;0;0.06;0.18;5.21;0.63;0.51;1.16;5.5;0;0;61.5
8315;Mousse de canard;1630;395;44.4;1.58;627;15.6;175;180;15.3;0.16;5.5;0.45;2.37;21;10;10.1;7.07;2.05;0.15;0;0.53;0.6;0.15;0.65;0.88;0;0.45;36.1;13.7;13.1;6.18;0.0067;0.0067;0.027;0.029;0.035;0.45;7.95;4.19;13;5.67;0.37;0.13;0.0028;0.0072;2500;0;0.23;0.65;0;0;5.9;0.17;0.41;5.6;1.67;0.19;8.07;156;0;0;148
8324;Foie gras, canard, bloc, 30% de morceaux;2010;489;39.1;1.29;514;13.8;149;209;20.2;0.05;2.1;0.08;1.5;10;12;6.88;2.43;1.41;0.15;0;0.6;0;0.15;0.15;0.19;0;0;50.1;21.6;27.1;0.76;0.025;0.025;0.025;0.025;0.025;0.41;13.2;7.94;19.5;0.61;0.053;0.092;0;0.0049;7;0;0.36;0.41;0;9;0.7;0.24;0.16;3;0.5;0.21;0.68;10;0;0;77.2
8450;Museau de boeuf;637;151;66.1;2.08;806;13.8;149;209;20.2;0.05;1.1;0.08;1.5;10;12;26.2;0;0;0;0;0;0;0;0;0;0;0;5.17;2;2.33;0.56;0.0025;0.0026;0.0025;0.0048;0.005;0.071;1.24;0.65;2.01;0.51;0.038;0.014;0;0.00072;7;0;0.36;0.41;0;9;0.7;0.24;0.16;3;0.5;0.21;0.68;10;0;0;77.2
9121;Riz, mélange de variétés (blanc, complet, rouge, sauvage, etc.), cru;1500;353;12.2;0.025;10;136;401;388;40;2.03;4.44;0.51;3.1;12.8;0;7.14;78.1;0.5;0.018;0;0.061;0;0.38;0.043;52.8;0;1.5;1;0.2;0.23;0.53;0;0;0;0;0;0;0.099;0.0099;0.23;0.43;0.021;0;0;0.0077;0;6.5;0;1.7;1.8;0;0;0.36;0.14;2.1;0.77;0.49;0;115;0;0;0
9200;Maïs entier, cru;1460;346;13.6;0.01;4;100;260;320;40;0.8;3.2;0.2;1.9;12.8;0;8.1;67.2;1.6;0.057;0;0.2;0;1.21;0.14;64.1;0;5.7;3.7;0.62;0.83;1.96;0;0;0;0;0;0.0032;0.35;0.057;0.83;1.8;0.032;0;0;0.029;0;6.5;0;1.7;1.8;0;0;0.4;0.14;2.1;0.6;0.5;0;115;0;0;0
9231;Pop-corn ou Maïs éclaté, à l'air, non salé;1750;417;3.32;0.02;8;144;358;329;7;1.11;3.19;0.26;3.08;3.78;2.5;10.2;60;0.87;0.07;0;0.07;0;0;0.72;54.4;0;12.8;12.3;4.57;0.95;2.32;0;0;0;0;0;0;0.54;0.076;0.95;1.4;0.037;0.0012;0;0;0;89;0;0.29;1.2;0;0;0.1;0.083;2.31;0.51;0.16;0;31;0;0;0
9232;Pop-corn ou Maïs éclaté, au caramel;1770;418;2;0.14;56;30.5;120;171;38.5;0.6;1.85;0.19;0.79;3.78;8;3;85.4;62;0.13;0.032;0.15;0.1;0.55;0.65;23.4;0;3;6.5;1;3.42;1.77;0.0028;0.0053;0.0055;0.0049;0.0083;0.037;0.83;0.11;2.16;0.74;0.02;0.00065;0.00036;0.00043;0;22.5;0;3.2;1.2;0;0;0.18;0.082;1.43;0.51;0.23;0;43;0;0;0
9311;Flocon d'avoine;1530;364;10.1;0.014;5.68;148;422;377;84.3;4.72;4.05;0.3;3.33;3.05;0.5;13.3;57.9;0.97;0;0;0;0;0;0.97;56.9;0;10.2;6.51;1.13;2.08;2.5;0;0;0;0;0.02;0.01;0.94;0.082;2.08;2.4;0.096;0.004;0;0;0;0;0;0.59;2;0;0;0.43;0.14;0.96;1.31;0.12;0;39.6;0;0;0
9340;Quinoa, cru;1490;354;13.3;0.013;5;197;457;563;47;2.03;4.57;0.59;3.1;12.8;0;13.2;58.1;1.6;0.057;0;0.2;0;1.21;0.14;52.2;0;7;6.07;0.71;1.61;3.29;0;0;0;0;0;0;0.6;0.037;1.53;2.21;0.13;0;0;0.047;0;8;0;2.44;0;0;0;0.36;0.32;1.52;0.77;0.49;0;184;0;0;0
9621;Son de blé;1160;279;9.05;0.033;13.3;546;1030;1260;73.9;13.3;14.8;1.05;7.49;6.8;2.4;15.4;23.6;2.46;0.49;0;0.5;0;0;1.45;20.9;0;42;4.35;0.84;0.67;2.49;0;0;0;0;0.002;0.007;0.68;0.04;0.66;2.32;0.16;0.0081;0;0;0;6;0;1.55;42.5;0;0;0.71;0.47;21.6;2.29;1.34;0;110;0;0;0
9640;Son d'avoine;1510;359;7.53;0.016;6.5;235;627;566;62.6;5.63;5.41;0.4;3.11;45.2;2.4;15.8;51;2.23;0.1;0;0.1;0.1;0.1;0.58;48.8;0;16.7;6.48;1.16;2.38;2.77;0;0;0;0;0.024;0.015;1.06;0.067;1.26;2.59;0.17;0.012;0;0;0;0;0;1.01;3.2;0;0;1.17;0.22;0.93;1.49;0.17;0;52;0;0;0
9660;Germe de blé;1540;368;7.5;0.018;7.2;250;1000;990;54;17;8.9;0.78;14;10;10;27.2;35.1;10;0.1;0;0.1;0.1;0.4;9.5;17.8;0;16.3;9.5;1.83;1.52;5.72;0.005;0.005;0.005;0.005;0.005;0.02;1.7;0.09;1.23;5.07;0.64;0.005;0.005;0.005;0;22.4;0.13;10.2;2.87;0;0.25;1.32;0.14;1.68;1.35;0.83;0;143;0;0;0
9900;Vermicelle de riz, sèche;1540;363;9.5;0.03;12;13;60;20.3;14.2;0.5;0.5;0.5;1.3;2.5;5;7.44;80.5;0;0.25;0;0.25;0.25;0.25;0.25;63;0;1.2;1;0.3;0;0;0;0;0;0;0;0;0;0;0;0;0;0;0;0;0;25;0;0.05;0;0;0;0.025;0.025;0.025;0.22;0.025;0;10;0;0;0
10003;Coquille Saint-Jacques, noix et corail, crue;351;83;79.3;0.48;191;51.4;225;388;220;2.4;1.16;0.045;2.91;21.4;42.6;17;0.78;0.5;0.075;0;0.23;0;0.28;0.075;0;0;0;1.31;0.19;0.096;0.38;0;0;0;0;0.001;0.02;0.12;0.04;0.011;0.0076;0.0086;0.028;0.12;0.14;2;0;0.25;0;0;0;0;0.02;0.14;1.9;0.4;0.1;4.99;17;0;0;42.2
10011;Huître, sans précision, crue;283;67.2;83.3;1.45;578;90.2;94.6;175;92.7;0.55;2.18;1.29;22.5;23.5;101;8.64;3.86;0;0;0;0;0;0;0;0;0;0;1.91;0.34;0.23;0.35;0;0;0;0;0;0.044;0.21;0.052;0.039;0.015;0.012;0.017;0.15;0.071;14.2;0;0.25;1.21;0;0;5.13;0.037;0.15;1.95;0.65;0.095;28.6;12.5;0;0;20.3
10014;Moule commune, crue;303;71.8;82.7;0.85;339;31;213;276;51.5;1;6.78;0.18;2.36;48.3;138;11.2;2.69;0;0;0;0;0;0;0;0;0;0;1.82;0.45;0.4;0.49;0;0;0;0;0;0.065;0.26;0.081;0.11;0.037;0.029;0.061;0.15;0.15;60;0;0;1.6;0.1;0;6.4;0.11;0.23;1.6;0.44;0.077;12.3;39.5;0;0;65.2
10021;Crevette, crue;420;99;74.3;0.45;182;49.8;195;278;84.8;0.17;3.21;0.72;2.81;34;120;19.7;3.21;0;0;0;0;0;0;0;0;0;0;0.84;0.19;0.099;0.23;0;0;0;0;0;0.013;0.12;0.034;0.034;0.0099;0.0055;0.018;0.067;0.069;15;0;0.1;1.7;0;0;0;0.035;0.03;3.2;0.37;0.15;1;19;0;0;150
10028;Moule, appertisée, égouttée;431;102;75.1;1.6;639;42;189;98;57;0.7;8.44;0.16;3.56;57.2;197;14.6;5.93;0.5;0.15;0;0.15;0;0.15;0.5;0;0;0;2.2;0.54;0.3;1.06;0;0;0;0;0;0.11;0.33;0.11;0;0.03;0.02;0.0094;0.45;0.45;21.1;0;0;3.5;0;0;0;0.01;0.11;1;0.71;0.08;10.2;27;0;0;38
10059;Crevette rose, crue;392;92.3;76.3;0.3;119;35;214;264;64;0.033;0.52;0.39;1.34;38;60;21.9;0;0;0;0;0;0;0;0;0;0;0;0.53;0.11;0.096;0.13;0;0;0;0;0;0.0058;0.076;0.024;0.036;0.012;0.0024;0.023;0.029;0.063;15;0;0.05;1.45;0;0;4.85;0.048;0.14;1.93;0.44;0.18;7.03;14;0;0;112
11000;Ail, cru;470;111;67.8;0.023;9;20;130;530;11;0.2;0.63;0.19;0.75;10;10;5.31;18.6;1.2;0.3;0;0.2;0.1;0.1;0.7;0.18;0.25;5.8;0.25;0.005;0.005;0.005;0.005;0.005;0.005;0.005;0.005;0.005;0.005;0.005;0.005;0.005;0.005;0.005;0.005;0.005;0;2.5;0.13;0.04;0.4;0;0.25;0.2;0.005;0.05;0.36;1.1;0;26.1;0;0.73;0
11001;Bouillon de boeuf, déshydraté;1000;240;2.6;33;13200;21.9;127;344;32.7;0.1;0.35;0.12;0.32;4.6;2.5;10.2;19.7;3.95;0.32;0;0.27;0;0.15;3.36;0;0;0.65;13.3;7.03;2.6;1.4;0;0;0.013;0.013;0.038;0.18;5.42;1.25;2.6;0.96;0.038;0;0;0;0;0;0;2.17;0;0;0;1.38;0.23;2.09;0.48;0.29;0.34;76.3;0;0;4.8
11005;Curry, poudre;1230;301;8.8;0.13;52;255;367;1170;525;8.3;19.1;1.2;4.7;3.1;0.5;14.5;2.63;2.63;0.75;0.2;1.09;0;0;0.59;0;0;53.2;14;1.65;8.78;3.06;0.012;0.038;0.013;0.013;0;0.64;0.68;0.17;8.74;1.62;0.26;0.0047;0;0;0;11;0;25.2;99.8;0;0.7;0.18;0.2;3.26;1.07;0.11;0;56;0;0;0
11015;Poivre noir, poudre;1380;330;9;0.036;14.2;190;170;1600;480;15;17;1;0.99;10;10;13.3;39.5;0.64;0.23;0.15;0.24;0;0;0.02;10.6;0;25.7;7.5;2.9;2.06;2.17;0.005;0.005;0.005;0.005;0.19;0.22;1.65;0.46;2.06;1.54;0.63;0.005;0.005;0.005;0;608;0.13;1.93;144;0;0.25;0.12;0.005;0.46;1.82;0.23;0;21.8;0;0;0
11017;Sel blanc alimentaire, non iodé, non fluoré (marin, ignigène ou gemme);0;0;0.027;97.8;39100;3.15;8;16.9;13.3;0.12;0.29;0.15;0.088;0.5;1.8;0;0;0;0;0;0;0;0;0;0;0;0;0;0;0;0;0;0;0;0;0;0;0;0;0;0;0;0;0;0;0;0;0;0;0;0;0;0;0;0;0;0;0;0;0;0;0
11019;Poivre blanc, poudre;1300;310;11.4;0.013;5;90;176;73;265;4.3;14.3;0.91;1.13;3;10;11.4;48.3;3.1;0.75;0.15;1.04;0;0;0.2;0;0;26.2;2.11;0.63;0.79;0.62;0;0;0;0.0018;0.0047;0.021;0.18;0.056;0.56;0.24;0.031;0.0007;0;0;0;81;0;2.32;0;0;21;0.022;0.13;0.21;0.51;0.1;0;10;0;0;0
11023;Ail séché, poudre;1460;344;6.48;0.11;43;67.5;416;1150;79.5;0.98;4.2;0.53;2.81;4.4;15;16.7;62.8;2.43;0.31;0;0.07;0;0;2.05;2;0;9.45;0.77;0.2;0.067;0.29;0;0;0;0.0024;0;0.012;0.097;0.084;0.062;0.27;0.016;0;0;0;0;0;0;0.67;0.4;0;2.39;0.45;0.15;0.74;0.74;1.65;0;47;0;0;0
11025;Cannelle, poudre;1000;243;10.6;0.025;10;60;64;431;1000;17.5;8.32;0.34;1.83;3.1;10;3.87;27.5;2.17;1.11;0;1.04;0;0;0.02;10.6;0;53.1;1.22;0.44;0.31;0.077;0;0;0;0.004;0.0075;0.012;0.13;0.1;0.31;0.063;0.013;0;0;0;0;112;0;2.32;31.2;0;3.8;0.022;0.041;1.33;0.36;0.16;0;6;0;0;0
11026;Coriandre, graine;1430;346;8.88;0.088;35;330;409;1270;709;1.9;16.3;0.98;4.7;3.1;10;12.4;13;2.95;0.75;0.15;1.04;0;0;0.2;10;0;41.9;17.8;0.97;13.6;1.76;0;0;0;0.0085;0.022;0.02;0.81;0.11;13.5;1.76;0;0;0;0;0;81;0;2.32;9.4;0;21;0.24;0.29;2.13;0.51;0.39;0;0;0;0;0
11041;Bouillon de légumes, déshydraté;1190;285;2.3;47.7;19100;27;212;557;51.1;0.2;1;0.05;0.8;2.57;2.5;9.66;25.4;3.95;0;0;0;0;0;0;0;0;0.25;16;7.79;5.82;1.59;0;0;0.015;0.015;0.046;0.18;6.7;0.7;5.82;1.51;0.031;0;0;0;1;0;13.8;2.77;0;0;0.25;3.69;0.64;4.94;0.93;0.57;0.1;180;0;0;3.2
11042;Cumin, graine;1780;427;8.06;0.42;168;366;499;1790;931;3.33;66.4;0.87;4.8;3.1;10;17.8;33.7;2.25;0.75;0.15;1.04;0;0;0.2;10.6;0;10.5;22.3;1.54;14;3.28;0;0;0;0.018;0.018;0.018;1.14;0.34;14;2.53;0;0.0074;0;0;0;762;0;3.33;5.4;0;7.7;0.63;0.33;4.58;0.51;0.44;0;10;0;0;0
11044;Sel au céleri;204;49;2.83;87.5;35000;3.15;8;16.9;13.3;0.12;0.29;0.15;0.088;0.5;980;1.81;4.14;0;0;0;0;0;0;0;0;0;1.19;2.53;0;0;0;0;0;0;0;0;0;0;0;0;0;0;0;0;0;0;0;0;0;0;0;0;0;0;0;0;0;0;0;0;0;0
11048;Noix de muscade;2080;504;6.22;0.04;16;183;213;350;184;2.9;3.04;1.03;2.15;1.6;10;5.3;28.5;2.99;0.75;0.15;1.04;0;0;0.2;10.6;0;20.8;36.3;25.9;3.22;0.35;0;0;0;0;0.37;22.8;2.26;0.17;3.22;0.31;0.039;0.00089;0;0;0;28;0;0;0;0;3;0.35;0.057;1.3;0.51;0.16;0;76;0;0;0
11049;Paprika;1320;319;11.2;0.17;68;178;314;2280;229;1.59;21.1;0.71;4.33;3.1;10;14.1;19.1;10.3;6.71;0.19;2.63;0;0;0.81;8.8;0;34.9;12.9;2.14;1.7;7.77;0;0;0;0;0.068;0.17;1.47;0.34;1.6;1.49;0.45;0.0043;0;0;0;81;0;29.1;80.3;0;0.9;0.33;1.23;10.1;2.51;2.14;0;49;0;0;0
11056;Quatre épices;1460;348;8.46;0.19;77;135;113;1040;661;2.94;7.06;0.55;1.01;3.1;10;6.09;50.5;3.1;0.75;0.15;1.04;0;0;0.2;10.6;0;21.6;8.69;2.55;0.66;2.36;0;0;0;0;0;0.02;0.49;1.99;0.66;1.01;0.13;0.0029;0;0;0;81;0;2.32;9.4;0;39.2;0.1;0.063;2.86;0.51;0.21;0;36;0;0;0
11058;Sel blanc alimentaire, iodé, non fluoré (marin, ignigène ou gemme);0;0;0.027;97.8;39100;3.15;8;16.9;13.3;0.12;0.29;0.15;0.088;0.5;1860;0;0;0;0;0;0;0;0;0;0;0;0;0;0;0;0;0;0;0;0;0;0;0;0;0;0;0;0;0;0;0;0;0;0;0;0;0;0;0;0;0;0;0;0;0;0;0
11060;Herbes de Provence, séchées;1170;283;7.1;0.088;35;304;297;1970;1860;5.2;69.8;1.06;5.47;4.4;15;11.5;23;18.5;0.59;0.075;1.33;0;0;1.48;2;0;40.1;7.2;1.88;0.53;2.86;0;0;0;0.018;0.014;0.08;1.36;0.41;0.53;2.08;0.78;0;0;0;0;1080;0;1.69;1540;0;54;0.33;0.34;6.03;0;1.58;0;274;0;0;0
11061;Pavot, graine;2280;551;5.17;0.059;23.5;339;860;710;1440;6.71;9.58;1.63;9.05;3.1;10;19.7;13.7;2.99;0.29;0;0.37;0;0;2.33;10.6;0;14.8;43.1;4.69;6.16;29.7;0;0.037;0;0;0;0.077;3.85;0.73;6.02;29.4;0.29;0;0;0;0;81;0;1.14;0;0;1;0.85;0.14;0.94;0.32;0.4;0;82;0;0;0
11066;Fenouil, graine;1350;326;8.81;0.22;88;385;487;1690;1200;6.53;18.5;1.07;3.7;3.1;10;15.7;12.5;12.5;0.75;0.15;1.04;0;0;0.2;1.8E-15;0;39.8;14.9;0.48;9.91;1.69;0;0;0;0;0;0;0.48;0;9.91;1.69;1.7E-16;3.5E-18;0;0;0;81;0;2.72;0;0;21;0.41;0.35;6.05;0.51;0.47;0;0;0;0;0
11077;Fenugrec, graine;1470;350;7.72;0.17;67;191;296;770;176;1.23;33.5;1.11;2.5;3.1;10;27.1;33.8;8.7;0.75;0.15;1.04;0;0;0.2;10.6;0;24.6;6.41;1.46;1.14;1.62;0;0;0;0.0056;0.014;0.063;0.56;0.17;1.14;0.74;0.094;0.0021;0;0;0;81;0;2.32;9.4;0;3;0.32;0.37;1.64;0.51;0.6;0;57;0;0;0
11082;Fleur de sel, non iodée, non fluorée;0;0;3.75;94.3;37700;424;8;103;171;0.12;0.29;0.15;0.088;0.5;980;0;0;0;0;0;0;0;0;0;0;0;0;0;0;0;0;0;0;0;0;0;0;0;0;0;0;0;0;0;0;0;0;0;0;0;0;0;0;0;0;0;0;0;0;0;0;0
11083;Sel marin gris, non iodé, non fluoré;0;0;5.09;80.5;32200;503;8;99.3;181;0.12;0.29;0.15;0.088;0.5;100;0;0;0;0;0;0;0;0;0;0;0;0;0;0;0;0;0;0;0;0;0;0;0;0;0;0;0;0;0;0;0;0;0;0;0;0;0;0;0;0;0;0;0;0;0;0;0
11088;Poivre de Cayenne ou piment de Cayenne;1560;376;8.05;0.075;30;152;293;2010;148;2;7.8;0.37;2.48;3.1;10;12;29.4;10.3;0.75;0.15;1.04;0;0;0.2;10.6;0;27.2;17.3;3.26;2.75;8.37;0;0;0;0.03;0.03;0.09;2.36;0.49;2.75;2;0.25;0.0058;0;0;0;81;0;29.8;80.3;0;76.4;0.33;0.92;8.7;0.51;2.45;0;106;0;0;0
11096;Sel blanc alimentaire, iodé, fluoré à 25 mg /100 g (marin, ignigène ou gemme);0;0;0.027;97.8;39100;3.15;8;16.9;13.3;0.12;0.29;0.15;0.088;0.5;1860;0;0;0;0;0;0;0;0;0;0;0;0;0;0;0;0;0;0;0;0;0;0;0;0;0;0;0;0;0;0;0;0;0;0;0;0;0;0;0;0;0;0;0;0;0;0;0
11171;Fond de volaille pour sauces et cuisson, déshydraté;1440;341;7;12.5;4990;28.3;147;186;37.8;0.3;1.6;0.15;1.2;10;7.5;7.4;66.3;13.6;0.12;0;1.4;0.05;1.7;0.2;0.2;0;1.3;4.9;1.65;2.07;0.91;0;0;0;0;0.0052;0.0072;0.52;0.16;1.29;0.46;0.1;0.0026;0;0;0;3.57;0;0.11;0.4;0;0.25;0.08;0.085;1.03;0.18;0.066;0.015;16.9;0;0;0
11174;Bouillon de volaille, déshydraté;974;233;9.37;49.6;19800;21.9;127;428;32.7;0.1;0.35;0.12;0.32;4.6;2.5;11.3;20.8;5.38;0.44;0;0.37;0;0.15;2.61;0;0;0.58;11.5;6.75;1.94;0.37;0;0;0.011;0;0.015;0.09;3.3;1.01;1.76;0.34;0.022;0.0047;0;0.0016;0;0;0;2.17;0;0;0;1.38;0.23;2.09;0.48;0.29;0.34;43.2;0;0;4.8
12006;Camembert au lait cru;1120;269;55.9;1.45;580;18;370;160;380;0.03;0.09;0.02;2.8;10;20;20.7;0;0.1;0.1;0;0.1;0.1;0.1;0.1;0;0;0;20.3;14.1;4.26;0.4;0.63;0.43;0.29;0.51;0.69;2.43;6.48;2.11;3.57;0.26;0.07;0.02;0.005;0.005;181;0;0.13;0.46;3.1;0;0;0.0075;0.6;10.9;0.44;0.26;1.61;88;0;0.98;64.6
12038;Époisses;1210;292;55.6;1.76;702;10;220;140;120;0.01;0.21;0.02;0.5;10;21;17.8;0;0.015;0.15;0;0.015;0.15;0.15;0.15;0;0;0;24.5;17.1;5.62;0.48;0.16;0.44;0.25;0.63;0.76;2.76;7.22;2.27;4.17;0.37;0.11;0.012;0.012;0.012;210;75.7;0.13;0.64;1.73;0;0;0.021;1.24;0.57;1.1;0.18;1.7;77.5;0;0;80.5
12832;Crottin de chèvre, au lait cru;1600;386;41.4;1.01;405;18.7;239;140;141;0.02;0.4;0.05;0.57;12;30;23.2;0;0;0.1;0;0.1;0.1;0.1;0.1;0;0;0;32.6;24.1;5.5;0.79;0.76;0.69;0.79;3.03;1.29;3.41;9.5;3.2;4.36;0.51;0.13;0.026;0.008;0.0068;201;75.7;0.25;1.05;0;0;0;0.025;1.09;1.67;1.7;0.48;1.28;91.9;0;0;133
13000;Abricot, dénoyauté, cru;194;45.9;87.1;0.0063;2.5;8.4;22;260;15;0.07;0.19;0.06;0.09;10;10;0.81;9.01;6.7;1.3;0;2;0.1;0.1;3.4;0.18;0.25;1.7;0.25;0.005;0.005;0.005;0.005;0.005;0.005;0.005;0.005;0.005;0.005;0.005;0.005;0.005;0.005;0.005;0.005;0.005;0;2350;0;0.7;0.4;0;2.55;0.03;0.013;0.05;0.19;0.054;0;7.6;0;0.47;0
13001;Abricot, dénoyauté, sec;1010;239;24.7;0.0063;2.5;41;79;1400;71;0.27;1.4;0.45;0.35;10;10;2.88;59.1;34.3;10.6;0.1;16;0.1;0.1;7.7;0.18;22.6;8.3;0.5;0.19;0.12;0.15;0.005;0.005;0.005;0.005;0.005;0.01;0.13;0.05;0.12;0.09;0.06;0.005;0.005;0.005;0;2160;0.13;5.52;0.4;0;0.25;0.0075;0.005;1.12;0.69;0.48;0;8.85;0;1.98;0
13002;Ananas, pulpe, cru;231;54.4;85.5;0.0063;2.5;15;8.1;140;8;0.84;0.17;0.06;0.08;10;10;0.25;11.7;10.5;2.3;0;1.8;0.1;0.1;6.4;0.18;0.25;1.2;0.25;0.005;0.005;0.005;0.005;0.005;0.005;0.005;0.005;0.005;0.005;0.005;0.005;0.005;0.005;0.005;0.005;0.005;0;66.9;0;0.04;0.4;0;46.1;0.056;0.033;0.31;0.17;0.052;0;19.6;0;0.78;0
13005;Banane, pulpe, crue;383;90.5;75.8;0.0063;2.5;28;29;320;5.1;0.36;0.2;0.06;0.14;10;10;1.06;19.7;15.6;3.8;0;3.9;0.1;0.1;7.9;3.8;0.25;2.7;0.25;0.005;0.005;0.005;0.005;0.005;0.005;0.005;0.005;0.005;0.005;0.005;0.005;0.005;0.005;0.005;0.005;0.005;0;28.5;0;0.04;0.4;0;7.16;0.054;0.005;0.39;0.31;0.18;0;19;0;0.13;0
13008;Cerise, dénoyautée, crue;235;55.7;85.7;0.0063;2.5;8.8;19;190;9.9;0.06;0.17;0.08;0.06;10;10;0.81;13;10;4.6;0;5.4;0.1;0.1;0.1;0.18;2.8;1.6;0.15;0.005;0.005;0.005;0.005;0.005;0.005;0.005;0.005;0.005;0.005;0.005;0.005;0.005;0.005;0.005;0.005;0.005;0;242;0;0.04;0.4;0;4.09;0.0075;0.012;0.05;0.14;0.04;0;6.75;0;0.17;0
13009;Citron, pulpe, cru;118;27.6;91.3;0.0063;2.5;7.9;12;140;11;0.02;0.15;0.04;0.33;10;10;0.25;1.56;0.8;0.4;0;0.4;0.1;0.1;0.1;0;0.25;0.25;0.25;0.005;0.005;0.005;0.005;0.005;0.005;0.005;0.005;0.005;0.005;0.005;0.005;0.005;0.005;0.005;0.005;0.005;0;2.5;0;0.04;0.4;0;45;0.043;0.005;0.05;0.14;0.023;0;28.4;0;6.01;0
13014;Fraise, crue;162;38.6;90.3;0.0063;2.5;12;23;140;18;0.26;0.19;0.02;0.11;10;10;0.63;6.03;5.6;3.3;0;2.3;0.1;0.1;0.1;0.18;0.25;3.8;0.25;0.005;0.005;0.005;0.005;0.005;0.005;0.005;0.005;0.005;0.005;0.005;0.005;0.005;0.005;0.005;0.005;0.005;0;2.5;0;0.3;0.4;0;54;0.0075;0.005;0.21;0.13;0.04;0;98.9;0;0.85;0
13016;Fruit de la passion ou maracudja, pulpe et pépins, cru;425;101;73.6;0.0063;2.5;26;46;240;8.1;0.19;0.56;0.15;0.76;10;10;2.13;10.9;8.5;2.5;0.1;2.4;0.1;0.1;3.6;1.2;0.25;6.8;3;0.54;0.49;1.82;0.005;0.005;0.005;0.005;0.005;0.005;0.44;0.1;0.39;1.65;0.17;0.005;0.005;0.005;0;1010;0;0.5;0.4;0;25.6;0.0075;0.053;1.37;0.56;0.17;0;101;0;3;0
13020;Groseille à maquereau, crue;167;39.9;87.9;0.0038;1.5;9;26.2;187;25.4;0.16;0.33;0.063;0.14;0.068;0.3;0.75;4.88;4.66;2.15;0;1.4;0.07;0.07;0.96;0.094;0.13;4.03;0.59;0.058;0.059;0.31;0;0;0;0;0;0;0.045;0.011;0.059;0.17;0.12;0;0;0;0;37;0;0.69;0.4;0;29;0.033;0.029;0.29;0.29;0.048;0;8.85;0;1.4;0
13021;Kiwi, pulpe et graines, cru;255;60.5;83.5;0.0063;2.5;12;26;290;29;0.05;0.16;0.15;0.12;10;10;0.88;11;8.9;4.3;0;3.8;0.1;0.1;0.8;0.18;0.25;2.4;0.6;0.13;0.16;0.25;0.005;0.005;0.005;0.005;0.005;0.005;0.09;0.04;0.14;0.07;0.18;0.005;0.005;0.005;0;38;0;0.96;16.6;0;81.9;0.0075;0.021;0.23;0.24;0.036;0;22.2;0;1.05;0
13025;Mangue, pulpe, crue;314;73.9;81.1;0.0063;2.5;11;12;150;12;0.07;0.09;0.07;0.11;10;10;0.63;14.3;12.9;3.4;0;1;0.1;0.1;8.5;1.1;0.25;1.6;0.25;0.005;0.005;0.005;0.005;0.005;0.005;0.005;0.005;0.005;0.005;0.005;0.005;0.005;0.005;0.005;0.005;0.005;0;864;0;2.05;1.12;0;25;0.0075;0.005;0.72;0.18;0.1;0;70.2;0;3.13;0
13026;Melon cantaloup (par ex.: Charentais, de Cavaillon) pulpe, cru;265;62.7;84.2;0.06;24;16;17;380;11;0.04;0.21;0.06;0.18;10;10;1.13;14.8;10.6;2.49;0.06;1.49;0.1;0.1;6.56;0.18;4;1.3;0.25;0.005;0.005;0.005;0.005;0.005;0.005;0.005;0.005;0.005;0.005;0.005;0.005;0.005;0.005;0.005;0.005;0.005;0;2500;0;0.04;0.4;0;8.14;0.0075;0.005;0.6;0.15;0.055;0;58.9;0;0.23;0
13034;Orange, pulpe, crue;192;45.5;87.3;0.0063;2.5;15;38;180;66;0.02;0.57;0.04;0.25;10;10;0.75;8.03;7.6;2.1;0;2;0.1;0.1;3.5;0.18;0.25;2.7;0.25;0.005;0.005;0.005;0.005;0.005;0.005;0.005;0.005;0.005;0.005;0.005;0.005;0.005;0.005;0.005;0.005;0.005;0;2.5;0;0.19;0.4;0;47.5;0.045;0.005;0.37;0.16;0.005;0;25.9;0;1.05;0
13036;Pastèque, pulpe, crue;165;38.9;91;0.0063;2.5;11;9.7;100;6;0.02;0.16;0.03;0.09;10;10;0.69;8.33;7.9;3.6;0;1.8;0.1;0.1;2.5;0.18;0.25;0.5;0.25;0.005;0.005;0.005;0.005;0.005;0.005;0.005;0.005;0.005;0.005;0.005;0.005;0.005;0.005;0.005;0.005;0.005;0;1220;0;0.04;0.4;0;4.26;0.015;0.01;0.3;0.2;0.064;0;36.9;0;0.016;0
13037;Poire, pulpe et peau, crue;234;55.4;83.5;0.0045;1.8;8.23;15.4;132;6.46;0.03;0.072;0.071;0.097;5;0.4;0.49;10.9;9.01;6.06;0;2;0;0;0.95;0;1.89;2.9;0.27;0.067;0.057;0.12;0;0;0;0;0;0.00011;0.048;0.0093;0.017;0.1;0.015;0.005;0;0;0;14;0;0.41;4.4;0;4.62;0.015;0.021;0.23;0.06;0.022;0;11.5;0;1.55;0
13038;Compote de pomme;432;102;72.9;0;0;5.09;6;104;4.44;0.027;0.11;0.043;0.025;5;0.2;0.23;24.4;20.7;7.9;0;5.35;0.1;0.5;6.65;1.25;1.9;1.53;0.21;0.017;0.0074;0.051;0;0;0;0;0.00033;0.00033;0.014;0.0026;0.0074;0.039;0.0092;0.000044;0.00001;0.00001;0;3;0;0.18;0.6;0;14.5;0.017;0.022;0.072;0.044;0.027;0;1;0;0.46;0
13039;Pomme, pulpe et peau, crue;226;53.4;85.4;0.0037;1.5;6.47;14.4;119;5.34;0.036;0.099;0.041;0.031;5;0.2;0.25;11.6;9.35;5.96;0;2.01;0;0;1.38;0.05;0.25;1.4;0.25;0.052;0.01;0.15;0;0;0;0;0;0.0008;0.031;0.011;0.01;0.062;0.0067;0;0;0;0;21.4;0;0.37;2.39;0;6.25;0.016;0.019;0.091;0.079;0.048;0;6;0;0.46;0
13041;Prune Reine-Claude, crue;301;71.3;80.1;0.0063;2.5;9.5;20;250;13;0.08;0.16;0.1;0.12;10;10;0.94;16.4;10.4;1.8;0;4;0.1;0.1;4.6;0.18;2.3;1.7;0.25;0.005;0.005;0.005;0.005;0.005;0.005;0.005;0.005;0.005;0.005;0.005;0.005;0.005;0.005;0.005;0.005;0.005;0;430;0;1.2;0.8;0;4.16;0.0075;0.005;0.23;0.25;0.049;0;18.4;0;0.0058;0.11
13042;Pruneau, sec;969;229;34.9;0.0063;2.5;30;66;610;50;0.25;0.38;0.23;0.28;10;0.8;1.63;55.4;38.1;12.5;0;25.5;0;0.06;0.15;0.18;9.6;5.1;0.4;0.16;0.14;0.05;0.005;0.005;0.005;0.005;0.01;0.02;0.09;0.04;0.14;0.05;0.005;0.005;0.005;0.005;0;14.9;0.13;0.41;12.8;0;0.25;0.029;0.034;0.43;0.38;0.25;0;2.5;0;0.9;0
13043;Pêche, pulpe et peau, crue;190;45.1;88.6;0.0075;0.56;11.2;21;215;7.32;0.064;0.15;0.075;0.12;0.16;0.3;1.08;9;8.16;1.29;0.057;1.39;0;0.075;5.35;0;0.84;1.6;0.33;0.027;0.096;0.12;0;0;0;0;0;0;0.024;0.0029;0.096;0.12;0.0031;0;0;0;0;162;0;1.27;2.6;0;6.6;0.022;0.046;0.7;0.16;0.028;0;4.1;0;0;0
13044;Raisin blanc, à gros grain (type Italia ou Dattier), cru;311;73.4;80.9;0.0063;2.5;7.6;16;200;12;0.08;0.2;0.19;0.025;10;10;0.75;16.6;15.5;8.5;0;7;0.1;0.1;0.1;0.18;0.25;1;0.25;0.005;0.005;0.005;0.005;0.005;0.005;0.005;0.005;0.005;0.005;0.005;0.005;0.005;0.005;0.005;0.005;0.005;0;7.54;0.13;0.31;5.44;0;1.07;0.043;0.005;0.05;0.077;0.043;0;16.3;0;0.076;0.065
13045;Raisin noir, cru;301;71;84;0.0075;0.19;6.78;21.8;152;8.98;0.051;0.2;0.078;0.038;1.48;0.4;0.63;15.6;15;7.1;0;7.4;3.6E-16;3.6E-16;0.5;0.18;0.2;1.4;0.4;0.13;0.016;0.12;0;0;0;0;0;0.003;0.11;0.015;0.016;0.09;0.027;0;0;0;0;24;0;0.4;0.4;0;10.8;0.045;0.01;0.15;0.075;0.04;0;5;0;0;0
13046;Raisin, sec;1360;321;16;0.013;5;35;82;960;54;0.28;1.7;0.38;0.24;10;10;3;73.2;70.3;36;0;34;0.1;0.3;0.1;0.5;0.25;4.2;0.9;0.31;0.34;0.18;0.005;0.005;0.005;0.005;0.01;0.03;0.2;0.07;0.32;0.17;0.01;0.005;0.005;0.005;0;2.5;0.13;1.67;12.6;0;0.25;0.075;0.005;0.53;0.084;0.061;0.012;82;0;0.22;0
13050;Pomme, pulpe, crue;207;48.9;86.7;0;0;4;11;90;5;0.038;0.07;0.031;0.05;0.15;0.1;0.27;10.7;10.1;6.03;0;3.25;0;0;0.82;0;0.59;1.3;0.13;0.021;0.005;0.037;0;0;0;0;0;0;0.017;0.002;0.0035;0.0026;0.0026;0.0026;0;0;0;17;0;0.05;0.6;0;4;0.019;0.028;0.091;0.071;0.037;0;0;0;0.73;0
13063;Figue de Barbarie, pulpe et graines, crue;154;36.8;88.4;0.011;4.5;77;17.5;175;118;0.58;0.25;0.019;0.14;10;1.5;0.37;6;1.02;0.21;0;0.44;0;0;0.38;0.18;0.25;4.45;0.31;0.01;0.01;0.04;0.00074;0.00074;0.00074;0.00074;0.0008;0.0012;0.0032;0.0019;0.0083;0.0062;0.0062;0.0062;0.0062;0.0026;0;60;0;0.01;2.9;0;12.5;0.011;0.046;0.38;0.17;0.079;0;8;0;0;0
13067;Citron vert ou Lime, pulpe, cru;170;40.2;86.3;0.015;6;14;24;190;57;0.09;0.2;0.08;0.15;10;10;1.13;3.14;2.1;0.8;0.1;0.8;0.1;0.1;0.5;0.18;0.25;4.3;0.15;0.005;0.005;0.005;0.005;0.005;0.005;0.005;0.005;0.005;0.005;0.005;0.005;0.005;0.005;0.005;0.005;0.005;0;12.4;0;0.45;0.4;0;29.3;0.0075;0.023;0.25;0.23;0.018;0;36.5;0;4.55;0
13085;Pomme Canada, pulpe, crue;239;56.3;84.4;0.0092;3.69;3.76;8.61;154;3.59;0.03;0.14;0.035;0.09;0.045;1.12;0.4;11.6;11;3.08;0;2.01;0.1;0.1;1.37;0;0.59;1.6;0.1;0.0033;0.004;0.024;0.00025;0.00025;0.00025;0.00025;0.00027;0.00039;0.0011;0.00064;0.0027;0.002;0.002;0.002;0.002;0.00083;0;37;0;0.27;0.4;0;4;0.03;0.02;0.1;0;0.06;0;1;0;1.72;0
13089;Banane, pulpe, sèche;1500;355;3;0.0075;3;108;74;1490;22;0.57;1.15;0.39;0.61;6.53;3;3.89;78.4;47.3;18;0;25.3;0;0.1;0.34;0.34;6.12;9.9;1.81;0.7;0.15;0.34;0;0;0.001;0.005;0.006;0.013;0.47;0.023;0.15;0.31;0.021;0.0063;0;0;0;101;0;0.39;2;0;7;0.18;0.24;2.8;0.38;0.44;0;14;0;0;0
13100;Prune, crue;219;51.7;87;0.0075;3;6;17.8;149;7.29;0.076;0.16;0.06;0.096;0.11;0.4;0.66;9.92;9.92;2.94;0;4.7;0;0.08;1.57;0;0;1.5;0.29;0.038;0.076;0.1;0;0;0;0;0;0;0.029;0.0085;0.017;0.07;0.035;0;0;0;0;190;0;0.33;6.4;0;7.25;0.024;0.026;0.41;0.14;0.037;0;4;0;1.27;0
13107;Poire, pulpe, crue;224;53;85.1;0.0075;3;7;13;150;11;0;0.2;0.06;0.1;1;1;0.3;10.4;10.4;3.08;0;2.01;0.1;0.1;1.37;0;0;2.47;0.1;0.0033;0.004;0.024;0.00025;0.00025;0.00025;0.00025;0.00027;0.00039;0.0011;0.00064;0.0027;0.002;0.002;0.002;0.002;0.00083;0;37;0;0.29;0.4;0;6;0.2;0.03;0.2;0.07;0.02;0;2;0;1.44;0.01
13108;Compote, tout type de fruits;434;102;73.1;0.0063;2.5;5.8;13;150;18;0.04;0.13;0.05;0.07;10;0.1;0.25;23.9;23.1;7.26;0.05;6.07;0;0.05;9.8;0;0;2;0.092;0.068;0.005;0;0.00026;0.000019;0.000019;0.000019;0.00099;0.0016;0.0046;0.0011;0.0032;0;0;0;0;0;0;82.7;0.13;0.87;1.52;0;42;0.0075;0.005;0.15;0.12;0.025;0;13.6;0;0.33;0
13109;Compote, tout type de fruits, allégée en sucres;279;66;82.9;0.0063;2.5;5.5;11;140;6.2;0.08;0.14;0.04;0.025;10;0.1;0.25;15.3;14.6;6.92;0.05;3.32;0.05;0.05;4.34;0.23;0.5;1.6;0.08;0.037;0.016;0.012;0.00022;0.000017;0.000017;0.000017;0.0016;0.0029;0.019;0.00099;0.013;0.0098;0.0018;0.000017;0.000028;0.000075;0;99.3;0.13;0.53;0.4;0;11.5;0.0075;0.005;0.05;0.095;0.027;0;9.03;0;0.2;0
13111;Pomme, sèche;1050;248;31.8;0.22;87;10.5;38;450;22;0.15;1.4;0.12;0.2;0.5;0.8;0.78;57.2;54.6;18;0;25.3;0;0.1;0.34;0;2.63;8.7;0.31;0.058;0.012;0.14;0;0;0;0;0.00098;0.00098;0.047;0.0084;0.01;0.11;0.029;0;0;0;0;0;0;0.53;3;0;3.9;0.065;0.13;0.76;0.27;0.13;0;0;0;0.11;0
13112;Raisin, cru;311;73.2;80.5;0.005;2;7;20;191;10;0.071;0.36;0.13;0.07;0.8;0.75;0.72;15.7;15.5;8.13;0;7.2;0;0;0.15;0;0.2;0.9;0.16;0.054;0.007;0.048;0;0;0;0;0;0.001;0.046;0.006;0.0043;0.0032;0.0032;0.0032;0;0;0;39;0;0.19;14.6;0;3.2;0.069;0.07;0.19;0.05;0.086;0;2;0;1.54;0
13118;Pêche, sèche;1360;323;7.5;0.2;79;80;120;945;25;0.67;6.8;0.63;0.57;6.53;2.8;5;68.9;49.2;6.7;0;6.1;0;0;38.3;0.34;6.12;14.3;1;0.092;0.32;0.42;0;0;0;0;0;0;0.08;0.011;0.31;0.41;0.01;0.002;0;0;0;14.9;0;0.46;3;0;4.8;0.002;0.065;1.3;0.3;0.15;0;14;0;0;0
13125;Citron, zeste, cru;211;51;81.6;0.015;6;15;12;160;134;0.07;0.9;0.092;0.25;7;10;1.38;5.4;4.17;1.93;0;1.26;0.063;0.063;0.86;0.18;0.25;10.6;0.3;0.042;0.012;0.096;0;0;0;0;0;0.001;0.038;0.002;0.011;0.067;0.028;0;0;0;0;7;0;0.25;0;0;129;0.06;0.08;0.4;0.32;0.17;0;13;0;0.12;0
13128;Chayote ou christophine ou chouchou, crue;78.2;18.6;94.2;0.005;2;12;18;125;17;0.19;0.34;0.12;0.74;2.33;1.45;0.72;2.8;1.66;0.73;0;0.65;0.093;0.093;0.093;0.18;0.25;1.7;0.12;0.028;0.01;0.057;0;0;0;0;0;0;0.024;0.003;0.0024;0.016;0.0044;0.000015;0;0;0;0;0;0.12;4.1;0;7.7;0.025;0.029;0.47;0.25;0.076;0;93;0;0.16;0
13129;Compote, tout type de fruits, allégée en sucres, rayon frais;285;67.3;83.9;0.011;4.38;4.7;9.6;120;4.7;0.03;0.09;0.04;0.025;25;10;0.32;14.9;14.3;6.8;0;3.1;0.1;0.1;4.3;0.18;0.42;1.4;0.48;0.14;0.0001;0.0001;0.0001;0.0001;0.0001;0.0001;0.0001;0.0001;0.0001;0.0001;0.0001;0.0001;0.0001;0.0001;0.0001;0.0001;10.5;23.9;0.13;0.37;0.4;0;10.1;0.005;0.005;0.12;0.036;0.044;0;2.5;0;0;0
13134;Salade de fruits, crue;321;75.2;78;0.0037;0.81;16.4;16.7;203;14.5;0.34;0.29;0.071;0.094;4.9;1.18;0.5;11.4;11.2;3.08;0;2.01;0.1;0.1;1.37;0.084;0.12;1.23;0.15;0;0.014;0.061;0;0;0;0;0;0;0;0;0.004;0.003;0.003;0.003;0.003;0.0013;0;35;0;0.37;0.4;0;20;0.043;0.032;0.32;0.15;0.17;0;20.2;0;8;0.03
13147;Olives vertes, fourrées ou farcies (anchois, poivrons, etc.);643;156;75;2.78;1110;11.2;14.8;32.9;66.8;0.05;0.3;0.23;0.11;2.5;27.7;2.09;0.61;0.2;0;0;0.1;0;0.1;0.2;0;0;4.33;15.2;2.63;10.3;1.59;0.0035;0.0032;0.0032;0.0033;0.0033;0.0073;2.14;0.39;10.3;1.09;0.1;0.0042;0.0034;0.0034;1;27.9;0.25;4.18;1.4;0;38.6;0.02;0.021;0.11;0.04;0.02;0.08;13.8;0;0;1.4
13190;Pomme Chantecler, pulpe, crue;219;51.8;86.4;0.0063;2.5;3.6;10;120;4;0.03;0.06;0.04;0.05;10;10;0.25;11.2;10.8;5.4;0;1.3;0.1;0.1;4.1;0.18;0.25;1.9;0.25;0.005;0.005;0.005;0.005;0.005;0.005;0.005;0.005;0.005;0.005;0.005;0.005;0.005;0.005;0.005;0.005;0.005;0;54.6;0;0.04;0.4;0;2.85;0.0075;0.005;0.05;0.078;0.039;0;2.5;0;0.078;0
13191;Pomme Gala, pulpe, crue;230;54.5;85.5;0.0063;2.5;3;7.8;91;3.6;0.02;0.06;0.03;0.025;10;10;0.25;11.9;11.1;6.3;0;1.1;0.1;0.1;3.7;0.18;0.25;1.9;0.25;0.005;0.005;0.005;0.005;0.005;0.005;0.005;0.005;0.005;0.005;0.005;0.005;0.005;0.005;0.005;0.005;0.005;0;11.6;0;0.04;0.4;0;1.33;0.02;0.005;0.05;0.1;0.035;0;6.98;0;0.093;0
13192;Pomme Pink lady, pulpe, crue;254;60.1;83.6;0.0063;2.5;3;7.5;110;2.8;0.02;0.07;0.03;0.025;10;10;0.25;12.8;12.3;6.6;0;1.1;0.1;0.1;4.6;0.18;0.25;2.9;0.25;0.005;0.005;0.005;0.005;0.005;0.005;0.005;0.005;0.005;0.005;0.005;0.005;0.005;0.005;0.005;0.005;0.005;0;32.3;0;0.04;0.4;0;2.13;0.0075;0.005;0.05;0.093;0.058;0;2.5;0;0.031;0
13193;Pêche blanche, pulpe et peau, crue;199;47.2;87.6;0.0063;2.5;7.1;18;180;4.1;0.05;0.11;0.06;0.11;10;10;0.69;9.48;8.7;0.9;0;0.8;0.1;0.1;7;0.18;0.6;2.1;0.25;0.005;0.005;0.005;0.005;0.005;0.005;0.005;0.005;0.005;0.005;0.005;0.005;0.005;0.005;0.005;0.005;0.005;0;2.5;0;0.19;0.4;0;3.85;0.0075;0.005;0.2;0.18;0.005;0;7.92;0;0.36;0
13194;Pêche blanche, pulpe, crue;195;46.1;87.6;0.0063;2.5;6.8;18;170;3.9;0.05;0.12;0.06;0.1;10;10;0.63;9.63;7.8;0.8;0;0.7;0.1;0.1;6.3;0.6;0.25;1.1;0.25;0.005;0.005;0.005;0.005;0.005;0.005;0.005;0.005;0.005;0.005;0.005;0.005;0.005;0.005;0.005;0.005;0.005;0;2.5;0;0.28;0.4;0;4.09;0.0075;0.005;0.05;0.15;0.005;0;10.5;0;0.36;0
13195;Pêche jaune, pulpe, crue;196;46.3;87.8;0.0063;2.5;6.7;17;190;4.2;0.04;0.11;0.06;0.09;10;10;0.69;9.8;7.6;1.1;0;0.9;0.1;0.1;5.6;0.18;0.25;1;0.25;0.005;0.005;0.005;0.005;0.005;0.005;0.005;0.005;0.005;0.005;0.005;0.005;0.005;0.005;0.005;0.005;0.005;0;130;0;0.5;0.4;0;3.43;0.0075;0.005;0.31;0.16;0.015;0;12;0;0.18;0
13997;Fruits rouges, crus (framboises, fraises, groseilles, cassis);212;50.5;84.5;0.008;3;16.9;32.6;225;40;0.42;1;0.088;0.22;0.35;1.15;1.11;7.88;7.4;3.92;0;3.48;0;0.15;0.15;0.013;0.25;5.3;0.31;0;0.054;0;0;0;0;0;0;0;0;0;0.0083;0;0;0;0;0;0;49.5;0;0.67;0.4;0;87;0.031;0.084;0.38;0.21;0.064;0;37.6;0;0.53;0
13998;Coulis de fruits rouges (framboises, fraises, groseilles, cassis);488;115;67.8;0.014;7.79;14.5;26.9;204;25.6;0.32;0.71;0.074;0.2;0.3;0.88;0.8;25.1;25.1;2.79;0;5.17;0;0.11;17.2;0;0;3.46;0.54;0.026;0.13;0.1;0.005;0.005;0.005;0.005;0.005;0.005;0.005;0.005;0.005;0.005;0.005;0.011;0;0.005;0;44;0;0.45;0.6;0;60.9;0.024;0.067;0.33;0.22;0.055;0;34.6;0;0;0
15000;Amande (avec peau);2480;600;4.8;0.0063;2.5;270;510;800;260;1.9;3.4;0.96;3.5;10;10;18.8;9.51;4.2;0.1;0.1;0.2;0.1;0.1;4;0.18;0;12.5;51.3;4.11;34.4;10.5;0.005;0.005;0.005;0.005;0.005;0.03;3.16;0.87;33.3;10.5;0.005;0.005;0.005;0.005;0;7.33;0.13;22.3;0.4;0;0.25;0.15;0.29;1.97;0.62;0.07;0;120;0;0;0
15001;Cacahuète ou Arachide;2520;610;2.2;0.022;8.6;190;400;700;57;1.4;1.6;0.46;3;30;10;22.8;14.8;5.9;0.1;0;0.1;0.1;0.1;5.9;5;0;8.6;49.1;8.4;25.5;12.9;0.005;0.005;0.005;0.005;0.005;0.04;4.54;1.34;24.7;12.9;0.04;0.005;0.005;0.005;0;2.5;0;2.46;0.4;0;0.25;0.43;0.024;10.6;1.76;0.4;0;89.3;0;0;0
15005;Noix, séchée, cerneaux;2890;700;4;0.063;2.5;140;360;430;75;2.9;2.2;1.1;2.7;10;10;13.3;6.88;3;0.1;0;0.2;0.1;0.1;2.8;0.18;0;6.7;67.3;6.45;14.1;43.6;0.005;0.005;0.005;0.005;0.005;0.04;4.66;1.64;13.4;36.1;7.5;0.005;0.005;0.005;0;20.7;0.13;1.67;2.4;0;0.77;0.3;0.05;0.4;0.67;0.19;0.04;120;0;0;0
15006;Noix de coco, amande mûre, fraîche;1470;358;47;0.05;20;32;113;356;14;1.5;2.43;0.44;1.1;10;1.2;3.33;6.22;6.22;0.07;0;0.1;0;0.07;4.04;0;0;9;33.5;29.7;1.43;0.37;0;0.19;2.35;0;14.9;3.87;2.84;1.73;1.43;0.37;0.003;0;0;0;0;0;0;0.24;0.2;0;3.3;0.066;0.02;0.54;0.3;0.054;0;26;0;0;0
15007;Noix de coco, amande, sèche;2820;685;2.65;0.064;26.6;90;197;647;18.4;2.75;3.46;0.67;1.26;6.8;0.3;6.62;8.55;6.64;0.15;0;0.3;0;0.12;5.83;1.84;0;14;66.3;57.7;3.3;0.73;0.0017;0.4;5.01;3.93;29.3;10.8;5.33;2.22;3.3;0.71;0.0025;0;0;0.0017;0;0;0;0.44;0.3;0;1.5;0.048;0.07;0.6;0.5;0.17;0;16.5;0;0;0
15008;Noix du Brésil;2850;692;3.01;0.0075;3;367;658;591;150;2;2.47;1.75;4.13;103;0.05;14.8;6.17;2.33;0;0;0;0;0;2.33;0.25;0;6.4;66.1;16;21.8;25.5;0;0;0;0;0;0.046;9.25;6.16;19.5;25.2;0.059;0;0;0;0;0;0;5.33;0;0;0.7;0.87;0.035;0.25;0.21;0.1;0;13;0;0;0
15010;Sésame, graine;2420;587;3.48;0.05;2.31;324;605;468;962;1.24;14.6;1.58;5.74;26.5;2.5;17.6;9.85;0.3;0.0049;0;0.007;0;0.0049;0.28;0.4;0;14.9;49.7;7.09;18.8;21.8;0;0;0;0;0;0.085;4.22;2.78;18.7;21.2;0.26;0;0;0;0;5;0;0.25;0;0;0;0.79;0.25;4.52;0.05;0.79;0;97;0;0;0
15011;Tournesol, graine;2640;638;3.38;0.014;5.5;364;477;578;86.5;1.95;4.9;1.5;3.8;8.41;5;21.3;10.1;2.62;0.035;0;0.05;0;0.035;2.5;3.8;0;6.4;55.5;6.23;10.9;35.6;0;0;0;0;0;0.039;2.66;2.53;10.9;27.8;0.16;0;0.014;0;0;30;0;42.3;0;0;1.4;1.98;0.16;4.8;0.83;1.24;0;254;0;0;0
15023;Noix, fraîche;1560;378;41.9;0.0063;2.5;120;260;390;94;2.7;1.5;0.93;2.2;10;10;11;9.94;1.3;0.5;0.1;0.6;0.1;0.1;0.2;0.18;0;3.9;31.8;2.93;4.1;23.3;0.005;0.005;0.005;0.005;0.005;0.02;2.07;0.79;3.79;19.5;3.77;0.005;0.005;0.005;0;52;0.13;1.6;2.04;0;0.25;0.21;0.12;0.38;1.06;0.16;0;108;0;0;0
15026;Noix de pécan;3010;730;2.57;0.0025;1;123;277;409;69.8;4.27;2.57;1.2;4.61;5.2;2;9.57;5.43;3.64;0.04;0;0.04;0;0.025;3.56;0.46;0;8.33;72.6;6.62;40.6;23.1;0;0;0;0;0;0;4.44;1.77;40.6;22.1;1.01;0;0;0;0;29;0;1.4;3.5;0;0.97;0.59;0.12;1.17;0.82;0.2;0;19.8;0;0;0
15027;Noix de macadamia;3100;752;1.36;0.013;5;130;188;368;85;4.13;3.69;0.76;1.3;10;2;7.91;5.22;4.24;0.065;0;0.065;0;0;4.11;0.98;0;8.6;75.8;11.8;58.8;1.48;0;0;0;0;0.076;0.66;6.04;2.33;37;1.47;0.012;0;0;0;0;8.46;0;0.54;1.22;0;1.2;1.2;0.16;2.47;0.76;0.28;0;11;0;0;0
15028;Cucurbitacées, graine;2460;594;5.23;0.018;7;592;1230;809;46;4.54;8.82;1.34;7.81;10;2.5;30.2;4.71;1.4;0.15;0;0.13;0;0;1.12;1.47;0;6;49.1;8.66;16.2;21;0;0.001;0;0.003;0.006;0.059;5.36;2.87;16.1;20.7;0.12;0;0;0;0;9;0;2.18;7.3;0;1.9;0.27;0.15;4.99;0.75;0.14;0;58;0;0;0
15034;Lin, graine;2030;491;5.93;0.051;20.5;372;595;641;228;2.48;10.2;1.22;6.05;28;0.5;20.2;6.6;1.55;0;0;0.4;0;0;1.15;0;0;27.3;36.6;3.17;6.51;24.9;0;0;0;0;0;0.007;1.87;1.15;5.37;4.31;16.7;0;0;0;0;0;0;0.31;4.3;0;0.6;1.22;0.2;3.08;0.99;0.63;0;93.7;0;0;0
15035;Sésame, graine décortiquée;2610;631;3.58;0.073;29;348;703;419;62.4;1.95;6.36;1.4;7.24;24.4;0.2;21.1;4.5;0.48;0.07;0;0.1;0;0;0.31;1.84;0;11.9;56.1;8.1;21.6;23.9;0;0;0;0;0;0.13;4.92;2.73;19;21.9;0.39;0;0;0;0;40;0;1.68;0;0;0;0.75;0.17;5.16;0.17;0.6;0;106;0;0;0
15041;Amande, mondée, émondée ou blanchie;2530;613;4.51;0.048;19;268;481;659;236;1.84;3.28;1.03;2.97;10;2.5;21.4;8.76;4.63;0;0;0.03;0;0.14;4.46;1;0;9.9;52.5;3.95;33.4;12.4;0;0;0;0;0;0;3.27;0.67;25.6;12.3;0.1;0;0;0;0;4;0;23.8;0;0;0;0.19;0.71;3.5;0.31;0.12;0;49;0;0;0
15047;Chia, graine, séchée;1820;442;5.8;0.04;16;335;860;407;631;2.72;7.72;0.92;4.58;10;2.5;16.5;7.72;4.25;0.07;0;0.099;0;0.07;4.01;1.84;0;34.4;30.7;3.33;2.31;23.7;0;0;0;0;0;0.03;2.17;0.91;2.31;5.84;17.8;0;0;0;0;8.46;0;0.5;1.22;0;1.6;0.62;0.17;8.83;0.69;0.22;0;49;0;0;0
16550;Graisse de canard;3690;898;0.2;0;0;0;0;0;0;0.008;0;0;0;6.9;2;0;0;0;0;0;0;0;0;0;0;0;0;99.8;33.2;49.3;12.9;0;0;0;0;0;0.7;24.7;7.8;44;9.39;0.71;0;0;0;0;0;4.8;2.7;0;0;0;0;0;0;0;0;0;0;0;0;100
18145;Café au lait, instantané ou non, sucré, prêt à boire;171;40.5;90.5;0.056;22.3;8.18;40.5;104;59.3;0.016;0.13;0.0069;0.21;0.82;5.34;1.32;7.18;7.18;0;0;0;2.19;0;4.99;0;0;0;0.72;0.45;0.22;0.022;0.023;0.013;0.0086;0.02;0.026;0.078;0.21;0.065;0.16;0.019;0.0033;0;0;0;9.03;0;0.024;0.019;0.048;0;0;0.03;0.11;0.14;0.29;0.014;0.029;2.67;0;0;2.38
18150;Chicorée et café, poudre soluble;1400;332;4.1;0.72;289;213;271;3400;103;1.2;4.76;0.05;0.37;10;0.5;9.3;66.9;36.9;0.1;0;0.32;0.1;0.1;2.9;0;0;12;0.35;0.12;0.015;0.07;0.000042;0.000042;0.000042;0.000085;0.000042;0.0012;0.052;0.012;0.015;0.011;0.00044;0.000042;0;0;0;0;0;0;1.9;0;0;0;0.29;21.7;0.097;0.029;0;0;0;0;0
18152;Chicorée, poudre soluble;1350;323;2.7;0.39;156;65;223;3500;109;0.05;5.5;0.05;0.05;2.5;0.5;3.3;57.2;21.7;15.8;0;3;0.25;0.25;2.9;0.25;0;29.2;2.5;0.75;0.2;1.5;0.00029;0.00029;0.00029;0.00058;0.00029;0.0081;0.55;0.19;0.2;0.077;0.0031;0.0003;0;0;0;0;0;0;1.9;0;0;0.04;0.12;10.1;0.025;0.28;0;19.1;0;0;0
18153;Chicorée et café, instantané, non sucré, prête à boire (reconstituée avec du lait demi-écrémé standard);227;54.1;87;0.13;52.2;13.2;3.68;162;117;0;0.37;0;0.5;0.9;10.4;3.74;5.9;5;0;0;0;4.5;0;0;0.6;0;0.46;1.62;1;0.47;0.05;0;0;0;0;0;0;0.37;0;0.25;0.037;0;0;0;0;17.9;0;0.01;0.16;0.05;0;0;0.054;0.18;0.93;0.35;0.025;0.26;2.6;0;0;4.4
18160;Café au lait ou cappuccino, poudre soluble;1760;417;1;0.79;316;262;279;3500;128;1.21;5.13;0.069;0.42;10;0.5;12.2;70.1;52;0.05;0.05;0.32;17.8;1.34;32.5;1.13;0;3.3;8.8;7.47;0.69;0.19;0.005;0.05;0.61;0.44;3.47;1.41;0.96;0.51;0.66;0.19;0.005;0.005;0.005;0.005;0;0;0;0;1.9;0;0;0.024;0.12;15.9;0.097;0.025;0;20.6;0;0.63;0
18161;Chicorée, instantanée, non sucrée, prête à boire (reconstituée avec du lait demi-écrémé standard);388;93.5;85.1;0.13;50.9;7.9;3.68;84.5;4;0.05;0.06;0.01;0.025;5;7.8;0;7.1;0;0;0;0;0;0;0;0;0;0.59;7.1;3.15;0.94;3.02;0;0;0;0;0;0;1.63;0;0.94;0.16;0;0;0;0;0;0;0.005;0.01;0.05;0;0;0.0075;0.014;0.24;0.015;0.005;0;2.6;0;0;0
18162;Chicorée et café, instantané, non sucré, prêt à boire (reconstituée avec de l'eau);121;28.7;92.2;0.022;8.93;35;15;160;11;0.1;0.2;0.02;0.025;10;10;0.56;6.06;0.43;0.25;0.05;0.05;0.05;0.05;0.18;0.15;0.25;0.6;0.15;0.066;0.02;0.064;0;0;0;0;0;0;0.035;0;0.02;0.0034;0;0;0;0;0;2.5;0.13;0.04;0.4;0;0.25;0.0075;0.005;1.53;0.055;0.86;0;5.5;0;0.02;0
19012;Lait de croissance infantile, liquide (aliment lacté destiné aux enfants en bas âge);256;61;87.7;0.06;24;8.09;53;99.8;75.8;0.014;1.27;0.052;0.77;3.02;10;1.28;7.77;5.98;0.05;0.05;0.05;5.98;0.05;0.05;0.18;0;0;2.71;1.1;0.94;0.47;0.03;0.02;0.03;0.03;0.11;0.14;0.6;0.13;0.89;0.41;0.05;0.005;0.005;0.005;72.2;5;1.6;1.4;0;0;10.4;0.093;0.23;0.77;0.52;0.076;0.48;38.9;0;0.13;4.54
19021;Lait en poudre, entier;2090;501;2.4;0.9;360;93;810;1190;960;0.061;0.62;0.058;3.91;14;7;27.4;37.5;37.5;4.5E-16;2.4E-16;4.5E-16;37.5;2.4E-16;4.5E-16;0;0;0;26.8;17.3;7.22;0.76;0.91;0.58;0.38;0.83;1.04;2.95;7.91;2.7;5.95;0.56;0.2;3.5E-18;0;0;228;170;1.2;0.68;0;0;10;0.33;1.42;0.65;2.27;0.3;3.25;37;0;0;107
19023;Lait entier, UHT;273;65.4;87.5;0.11;44.2;9.8;97;160;120;0.005;0.01;0.005;0.37;25;10;3.32;4.85;4.2;0.15;0;0.15;4.2;0.15;0.15;0;0;0;3.63;2.4;0.92;0.11;0.075;0.058;0.038;0.093;0.12;0.41;1.19;0.32;0.73;0.062;0.014;0.0034;0.0017;0.0017;31.4;21.9;0.13;0.089;0.4;0.9;0.25;0.041;0.17;0.05;0.43;0.02;0.24;1.25;0;0;12.5
19024;Lait entier, pasteurisé;237;56.8;89.1;0.2;79;10.9;93;140;117;0.002;0.04;0.05;0.37;1.1;24.3;3.3;3.47;3.37;0.1;0;0.1;3.2;0.1;0.1;0.1;0;0;3.3;2.16;0.85;0.11;0.095;0.19;0.095;0.095;0.11;0.32;0.88;0.38;0.75;0.087;0.019;0;0;0;38.5;20.2;0.1;0.089;0;0.9;1.2;0.042;0.17;0.092;0.34;0.047;0.32;11;0;0;14
19026;Lait concentré non sucré, entier;513;123;74.5;0.24;95;25.7;225;339;273;0.011;0.06;0.058;0.8;2.1;23;6.44;9.91;9.47;0.05;0.05;0.05;9.47;0.05;0.05;0;0;1.5;5.9;3.96;1.36;0.1;0.21;0.13;0.08;0.17;0.21;0.69;1.77;0.6;1.16;0.08;0.02;0.005;0.005;0.005;145;14;0.1;0.2;0;0;1.9;0.055;0.34;0.2;2.16;0.28;0.16;30.7;0;0.34;34
19027;Lait concentré sucré, entier;1370;324;27.2;0.21;85.2;25.2;253;371;290;0.0056;0.19;0.013;0.96;2.25;24.5;7.7;55.6;55.6;1.14;0.0019;0.42;10.5;0.0019;43.5;0;0;0;7.87;5.17;1.99;0.27;0.28;0.16;0.095;0.18;0.18;0.76;2.34;1.18;1.63;0.16;0.047;0.0056;0;0;73;14;0.2;0.16;0.6;0;2.6;0.09;0.42;0.21;0.75;0.051;0.44;11;0;0;34
19037;Lait demi-écrémé, UHT, enrichi en vitamine D seulement;197;46.9;89.4;0.09;36;9.8;84;160;120;0.005;0.025;0.005;0.37;10;10;3.38;4.8;4.5;0.1;0.1;0.1;4.5;0.1;0.1;0;0;0;1.52;0.98;0.36;0.02;0.05;0.03;0.02;0.04;0.05;0.17;0.45;0.15;0.31;0.02;0.005;0.005;0.005;0.005;15.7;9.45;0.78;0.04;0.4;0.9;0.25;0.023;1.16;0.05;0.28;0.023;0.21;5.39;0;0.16;6.53
19038;Lait à 1,2% de matière grasse, UHT, enrichi en plusieurs vitamines;187;44.4;89.7;0.088;35;9.9;86;160;120;0.005;0.025;0.005;0.38;10;10;3.38;4.79;4.5;0.1;0.3;0.2;4;0.1;0.1;0;0;0;1.25;0.81;0.29;0.02;0.05;0.03;0.02;0.03;0.04;0.14;0.36;0.13;0.26;0.02;0.005;0.005;0.005;0.005;36.8;9.45;0.81;2.02;9.24;0.9;0.25;0.17;1.82;2.12;0.9;0.23;0.5;16.1;0;0.16;6.29
19041;Lait demi-écrémé, UHT;199;47.3;89.4;0.09;36;12.1;89.1;167;117;0.0031;0.045;0.0087;0.39;5;12.1;3.38;4.83;4.66;0.05;0.05;0.05;4.66;0.05;0.05;0;0;0;1.55;1.04;0.34;0.02;0.05;0.03;0.02;0.05;0.06;0.19;0.5;0.13;0.29;0.02;0.005;0.005;0.005;0.005;19.2;9.45;0.25;0.13;0.2;0.9;1.5;0.06;0.18;0.093;0.41;0.037;0.38;9.49;0;0.17;5.7
19042;Lait demi-écrémé, pasteurisé;197;46.7;89.4;0.078;31;11.1;96;153;119;0.002;0.031;0.0031;0.41;1.68;17.9;3.19;4.9;4.81;0.05;0.05;0.05;4.81;0.05;0.05;0;0;0;1.54;1.06;0.32;0.02;0.05;0.04;0.02;0.04;0.05;0.18;0.51;0.14;0.28;0.02;0.005;0.005;0.005;0.005;13.2;8.33;0.085;0.041;0;0.9;1.3;0.047;0.18;0.097;0.34;0.048;0.49;11.5;0;0.16;6
19044;Lait en poudre, demi-écrémé;1940;461;2.47;0.78;313;97;829;1330;1030;0.048;0.35;0.058;3.7;8.8;77.5;31.5;43.4;43.4;0.05;0.05;0.05;43.4;0.05;0.05;0;0;0;17.5;11.6;4.14;0.46;0.58;0.37;0.25;0.51;0.6;2.06;5.29;1.57;3.52;0.34;0.08;0.01;0.005;0.005;310;14;0.2;0.4;0;0;4.35;0.21;1.71;0.8;3.07;0.32;2.8;69;0;1.41;34
19050;Lait écrémé, UHT;143;33.7;90.9;0.098;39;12.3;92.1;166;105;0.0028;0.028;0.007;0.37;5;13.5;3.51;4.64;4.64;0.05;0.05;0.05;4.64;0.05;0.05;0;0;0;0.06;0.03;0.02;0.005;0.005;0.005;0.005;0.005;0.005;0.005;0.03;0.005;0.02;0.005;0.005;0.005;0.005;0.005;1;9.45;0;0;0;0.9;0.89;0.049;0.19;0.09;0.42;0.041;0.39;5.11;0;0.17;2
19051;Lait écrémé, pasteurisé;148;34.8;90.8;0.11;43.2;11.6;99;157;123;0.0055;0.03;0.012;0.42;1.66;24.3;3.28;4.99;4.93;0;0;0;4.93;0;0;0;0;0;0.19;0.11;0.046;0.0057;0.0065;0.0065;0.0023;0.0051;0.0059;0.016;0.047;0.018;0.046;0.0043;0.0014;0;0;0;1.78;7;0.075;0.009;0;0.9;1.3;0.043;0.18;0.092;0.36;0.044;0.49;4.9;0;0;2.5
19054;Lait en poudre, écrémé;1540;364;1.95;1.21;482;112;966;1670;1250;0.05;0.31;0.07;4.47;13;7;35.3;54;53.1;0.002;0.002;0.002;53.1;0.002;0.002;0;0;0;0.7;0.34;0.15;0.03;0.019;0.0082;0.0065;0.015;0.016;0.059;0.16;0.058;0.15;0.016;0.014;0;0;0;9.75;1;0.018;0.027;0.1;0;6.1;0.43;1.5;0.91;3.5;0.42;4.02;35.5;0;0;13
19060;Lait demi-écrémé (ou à teneur en matière grasse légèrement inférieure) à teneur réduite en lactose;188;44.7;89.7;0.088;35;11.1;93;160;120;0.0031;0.03;0.007;0.38;5;13.5;3.45;4.69;4.66;0.05;2.26;2.4;0.1;0.05;0.05;0;0;0;1.29;0.86;0.29;0.02;0.04;0.03;0.02;0.04;0.04;0.15;0.42;0.11;0.25;0.02;0.005;0.005;0.005;0.005;19.2;9.45;0.1;0.089;0;0.9;1.2;0.047;0.18;0.092;0.41;0.044;0.39;9.49;0;0.18;6
19200;Lait de chèvre, entier, UHT;236;56.4;87;0.13;50;14;111;204;134;0.0053;0.05;0.05;0.3;2;15.3;3.39;4.35;4.35;0;0;0;4.35;0;0;0;0;0;2.83;1.8;0.76;0.12;0.096;0.071;0.072;0.2;0.1;0.25;0.68;0.33;0.76;0.087;0.029;0;0;0;35.2;0;0.06;0.04;0;0;1.3;0.048;0.14;0.28;0.31;0.046;0.07;1;0;0;11
19225;Lait de jument, entier;211;50.2;89.2;0.05;20;7.95;54;63.3;87.4;0.012;0.065;0.03;0.15;2.5;19.3;2.41;6.18;4.43;0;0;0;6.17;0;0;0;0;0;1.73;0.82;0.43;0.074;0;0;0.053;0.13;0.15;0.14;0.33;0.02;0.39;0.049;0.018;0;0;0;12;32;0.13;0.026;0;0;15;0.03;0.034;0.14;0.3;0.03;0.3;5.1;0;0.08;8.5
19250;Lait de brebis, entier;431;103;82.2;0.11;44;17.1;158;103;199;0.018;0.46;0.011;0.54;3;23.3;5.68;4.5;4.5;0;0;0;4.5;0;0;0;0;0;6.97;4.8;1.6;0.3;0.2;0.15;0.14;0.4;0.25;0.65;1.53;0.9;1.26;0.18;0.073;0;0;0;20.3;0;0.2;0.15;0;0;4.2;0.057;0.34;0.42;0.41;0.06;0.71;9.19;0;0;27
19530;Spécialité fromagère non affinée à tartiner environ 30-40 % MG aromatisée (ex: ail et fines herbes);1510;367;50.8;1.2;479;7.7;130;111;93.8;0.05;0.21;0.05;1.05;4.1;15.5;7.66;4.24;1.86;0.05;0.05;0.05;1.86;0.05;0.05;0;0;0;35.3;23.9;8.11;0.86;1.32;0.88;0.55;0.91;1.18;3.91;11.2;3.12;6.78;0.59;0.12;0.04;0.005;0.005;232;55.5;0.4;0.66;0.55;0;0.5;0.024;0.17;0.56;0.25;0.05;0.24;28;0;0.42;69.3
19590;Mozzarella au lait de vache;949;229;62.7;0.6;240;20;354;76;545;0.03;0.44;0.011;2.92;16.3;37.2;16.5;0.75;0.7;0.05;0.05;0.05;0.7;0.05;0.05;0;0;0;17.7;11.7;4.24;0.45;0.62;0.41;0.26;0.48;0.6;1.95;5.43;1.61;3.58;0.34;0.06;0.02;0.005;0.005;174;57;0.4;0.19;2.3;0;0;0.03;0.28;0.1;0.14;0.037;2.28;7;0;0.12;79
19641;Faisselle, 6% MG environ;353;84.5;84.7;0.088;35;11;110;150;130;0.005;0.025;0.005;0.44;10;10;4.47;3.57;3.57;0.1;0.1;0.1;3.57;0.1;0.1;0;0;0;5.5;3.74;1.15;0.14;0.18;0.12;0.08;0.17;0.21;0.67;1.72;0.47;0.96;0.08;0.03;0.005;0.005;0.02;62.9;30;0.13;0.13;0.4;0;0.25;0.0075;0.12;0.17;0.43;0.024;0.33;9.22;0;0.96;18.2
19674;Flan aux oeufs, rayon frais;469;111;74.1;0.14;56;12.9;81;150;86.3;0.048;0.35;0.023;0.51;5;10;4.08;18.5;16;0.05;0.05;0.27;3.19;0.05;12.5;1.1;0;0.25;2.2;1.2;0.66;0.16;0.05;0.03;0.02;0.03;0.05;0.16;0.66;0.18;0.57;0.15;0.005;0.01;0.005;0.005;33.2;11;0.15;0.2;0.4;0;0.25;0.036;0.14;0.08;0.45;0.042;0.26;12.4;0;0.11;17
19678;Lait emprésuré aromatisé, rayon frais;507;120;72.1;0.15;98.8;9.5;71;235;208;0.05;0.38;0.05;0.48;5;10;5.63;17.6;16.5;0.06;0.05;0;3.2;0.14;10.9;0;0;0;2.5;0.8;0.62;0.082;0.038;0.022;0.015;0.03;0.036;0.12;0.42;0.12;0.51;0.064;0.0096;0.0035;0.0028;0.0028;33.2;11;0.15;0.2;0;0;0.25;0.036;0.17;0.08;0.45;0.042;0.26;12.4;0;1.5;17
19679;Lait gélifié aromatisé, nappé caramel, rayon frais;389;92.1;77.2;0.1;41;8.13;74;148;78.5;0.0016;0.38;0.011;0.31;2.25;7.9;2.55;16.7;14.5;0.94;0.05;2.28;3.2;0.58;7.51;2.21;0;1.5;1.3;0.91;0.27;0.02;0.04;0.03;0.02;0.04;0.05;0.16;0.43;0.12;0.24;0.02;0.005;0.005;0.005;0.005;33.2;11;0.15;0.2;0.4;0;0.25;0.036;0.17;0.08;0.45;0.042;0.26;12.4;0;0.12;5.58
19680;Lait gélifié aromatisé, rayon frais;524;124;75.2;0.14;55.4;14.5;81;181;120;0.1;0.61;0.11;0.55;2.5;7.8;3.39;19.5;17.6;0.3;0.0017;0.096;4.34;0.0017;12.9;0.77;0;0.52;3.53;2.15;0.97;0.13;0.095;0.056;0.039;0.076;0.092;0.3;1.06;0.31;0.73;0.09;0.01;0.0049;0.004;0.004;14.5;7;0.1;0.043;0.4;0;0.25;0.03;0.17;0.19;0.33;0.037;0.045;21.5;0;0;7.8
19801;Lait fermenté à boire, nature, maigre;143;33.9;90.6;0.088;35;10.2;91;120;160;0.5;0.5;0.0095;0.5;2.5;17;3.51;2.18;2.18;0.05;0.05;0.05;2.18;0.05;0.05;0;0;1.5;0.6;0.39;0.12;0.005;0.02;0.01;0.005;0.02;0.02;0.07;0.2;0.05;0.11;0.005;0.005;0.005;0.005;0.005;1;25;0;0.05;0.1;0.68;1.25;0.05;0.09;0.025;0.38;0.025;0.24;7.8;0;0.9;4.9
19805;Lait fermenté à boire, nature, au lait entier;233;56;88.3;0.088;35;12.7;95;155;127;0.009;0.05;0.01;0.44;1.3;24.3;3.38;1.99;1.99;0.05;0.05;0.05;1.99;0.05;0.05;0;0;1.5;3.2;2.24;0.7;0.04;0.11;0.08;0.05;0.1;0.12;0.39;1.06;0.28;0.58;0.04;0.005;0.005;0.005;0.005;30.6;19;0.1;0.092;0;8.15;0.3;0.045;0.2;0.087;0.31;0.038;0.18;6;0;0.89;14
19865;Kéfir de lait;266;63.5;87.6;0.12;49;12.7;95;155;127;0.009;0.05;0.01;0.44;1.3;24.3;3.19;4.5;3.62;0;0.04;0.01;3.58;0;0;0;0;0;3.5;2.33;0.97;0.1;0.12;0.078;0.051;0.11;0.14;0.4;1.07;0.36;0.8;0.075;0.027;0;0;0;30.6;19;0.1;0.092;0;0.68;0.3;0.045;0.2;0.087;0.31;0.038;0.18;21;0;0.41;14
20007;Carotte, appertisée, égouttée;92;21.9;93;0.58;233;8;24;179;25;0.45;0.64;0.1;0.26;0.85;2;0.67;3.4;2.49;0.62;0.1;0.65;0.1;0.1;0.25;0.47;0.13;1.75;0.2;0.057;0.009;0.092;0;0;0;0;0.002;0.001;0.027;0.001;0.007;0.078;0.011;0;0;0;0;5330;0;0.74;9.8;0;2.7;0.018;0.03;0.55;0.14;0.11;0;9;0;0.19;0
20009;Carotte, crue;169;40.2;88.1;0.11;43;10;22;230;25;0.1;0.24;0.05;0.18;10;10;0.63;7.59;6;0.9;0;1.1;0.1;0.1;4;0.4;0.25;2.7;0.25;0.005;0.005;0.005;0.005;0.005;0.005;0.005;0.005;0.005;0.005;0.005;0.005;0.005;0.005;0.005;0.005;0.005;0;8290;0;0.27;2.96;0;2.05;0.028;0.005;0.05;0.2;0.093;0;59.4;0;0.014;0
20010;Champignon, tout type, cru;91.2;21.7;92.6;0.012;4.76;10.9;85.6;341;7.78;0.061;0.69;0.32;0.65;1.39;1;2.37;1.88;1.43;0.17;0;0.82;0;0.05;0.05;0;0.45;1.72;0.23;0.055;0.003;0.12;0;0;0;0;0;0.00088;0.048;0.0066;0.003;0.023;0.099;0;0;0;0;0;0.2;0.01;0;0;3.4;0.084;0.42;4.55;1.75;0.082;0;29;0;0;0
20011;Champignon, tout type, appertisé, égoutté;104;24.9;91.1;1.06;425;6.65;66;129;18.9;0.035;0.79;0.15;0.51;1.1;2;1.87;2.56;2.19;0.62;0.1;0.65;0.1;0.1;0.25;0;0.37;2.4;0.29;0.038;0.005;0.11;0;0;0;0.001;0.003;0.001;0.019;0.006;0.005;0.029;0.0097;0.0048;0;0;0;0;0.2;0.01;0;0;0;0.085;0.021;1.59;0.81;0.061;0;12;0;0.13;0
20012;Salade ou chicorée frisée, crue;93.1;22.3;92.9;0.084;33.5;22.5;37.5;367;76;0.42;0.85;0.2;0.61;1;0.4;1.48;2.4;0.7;0.31;0;0.27;0.039;0.039;0.039;0.18;0.25;2.45;0.25;0.061;0.005;0.11;0;0;0;0;0;0.0035;0.052;0.0025;0.004;0.075;0.013;0.00003;0;0;0;3430;0;2.26;298;0;18.5;0.07;0.088;0.45;1.03;0.063;0;126;0;0;0
20014;Chou rouge, cru;126;30;90.7;0.035;14;9.7;30;260;36;0.12;0.25;0.02;0.15;10;10;1.13;4.33;3.9;1.4;0;2.2;0.1;0.1;0.3;0.18;0.25;2.8;0.25;0.005;0.005;0.005;0.005;0.005;0.005;0.005;0.005;0.005;0.005;0.005;0.005;0.005;0.005;0.005;0.005;0.005;0;2.5;0;0.04;6.41;0;18.7;0.036;0.005;0.12;0.24;0.14;0;31.9;0;0.25;0
20016;Chou-fleur, cru;109;26.2;92.9;0.015;6;9.8;40;270;23;0.14;0.27;0.02;0.22;10;10;1.81;2.13;1.7;0.8;0;0.9;0.1;0.1;0.1;0.18;0.25;2.2;0.7;0.24;0.14;0.25;0.005;0.005;0.005;0.005;0.005;0.01;0.18;0.05;0.1;0.08;0.17;0.005;0.005;0.005;0;2.5;0;0.04;3.31;0;4.14;0.031;0.005;0.26;0.72;0.22;0;56.2;0;0.046;0
20019;Concombre, pulpe et peau, cru;65.8;15.6;96;0.012;4.8;13.6;24.7;157;19.2;0.085;0.13;0.026;0.095;5;0.3;0.64;2.54;1.67;0.79;0;0.54;0;0.01;0.03;0.83;0.039;0.6;0.11;0.035;0.004;0.038;0;0;0;0;0;0.003;0.028;0.0039;0.003;0.02;0.018;0;0;0;0;45;0;0.09;16.4;0;8.25;0.022;0.025;0.15;0.28;0.037;0;12.3;0;0.26;0
20020;Courgette, pulpe et peau, crue;69.4;16.5;94.7;0.023;9;17.5;44.7;262;18.7;0.18;0.36;0.052;0.31;0.58;1.64;1.23;1.8;1.79;0.99;0;0.76;0;0;0.036;0;0.014;1.05;0.26;0.061;0.013;0.084;0;0;0;0.015;0.0019;0.00095;0.038;0.0047;0.01;0.03;0.055;0;0;0;0;120;0;0.12;4.3;0;17.5;0.047;0.12;0.47;0.18;0.19;0;36;0;0;0
20023;Céleri branche, cru;73.4;17.6;93.4;0.2;79;11;24;390;46;0.08;0.06;0.03;0.09;10;10;0.63;2.41;1.3;0.44;0.35;0.51;0.1;0.1;0.1;0.18;0.8;2.2;0.25;0.005;0.005;0.005;0.005;0.005;0.005;0.005;0.005;0.005;0.005;0.005;0.005;0.005;0.005;0.005;0.005;0.005;0;74.6;0;0.04;4.86;0;5.51;0.0075;0.005;0.05;0.27;0.052;0;56.8;0;0.047;0
20026;Endive, crue;84.8;20.2;94.3;0.0063;2.5;8.3;23;150;20;0.08;0.12;0.04;0.13;10;10;1.19;2.83;2.4;0.9;0;1.5;0.1;0.1;0.1;0.18;0.25;1.1;0.25;0.005;0.005;0.005;0.005;0.005;0.005;0.005;0.005;0.005;0.005;0.005;0.005;0.005;0.005;0.005;0.005;0.005;0;2.5;0;0.04;0.4;0;2.12;0.067;0.005;0.21;0.15;0.026;0;25.6;0;0.02;0
20028;Fenouil, cru;90.9;21.8;92.9;0.055;22;11;28;320;37;0.1;0.2;0.08;0.19;10;10;1;2.63;2.2;1;0;1.2;0.1;0.1;0.1;0.18;0.25;2.6;0.25;0.005;0.005;0.005;0.005;0.005;0.005;0.005;0.005;0.005;0.005;0.005;0.005;0.005;0.005;0.005;0.005;0.005;0;8.01;0;0.04;62.8;0;2.57;0.0075;0.005;0.05;0.22;0.05;0;19.6;0;0.071;0
20029;"Haricot mungo germé ou pousse de ""soja"", appertisé, égoutté";82.9;19.7;95.8;0.35;141;7.53;26;31.5;13.4;0.039;0.26;0.047;0.11;5;2.55;1.56;2.36;1.78;0.6;0.098;0.64;0.098;0.098;0.25;0.4;0.18;1.63;0.12;0.058;0.008;0.02;0;0;0;0;0;0;0.011;0.003;0.004;0.012;0.004;0.002;0;0;0;2;0;0.065;13.4;0;0.65;0.025;0.05;0.21;0.14;0.031;0;26;0;0;0
20031;Laitue, crue;61.7;14.7;95.3;0.021;8.47;14.9;29.5;200;64.6;0.4;0.98;0.036;0.2;2.33;1.22;1.3;1.33;0.73;0.4;0;0.33;0;0;0;0;0.25;1.2;0.2;0.021;0.0067;0.085;0;0;0;0;0;0;0.018;0.0021;0.005;0.023;0.056;0;0;0;0;3640;0;0.18;123;0;11.8;0.067;0.077;0.36;0.14;0.09;0;43.5;0;0.13;0
20034;Oignon, cru;162;38.6;89.6;0.098;39;9;37;190;25;0.1;0.00019;0.00005;0.23;2.3;5;1.1;6.25;4.8;1.7;0;1.6;0.25;0.25;1.5;0.25;0.25;1.7;0.62;0.2;0.021;0.066;0;0;0;0;0.002;0.002;0.14;0.029;0.021;0.062;0.0031;0;0;0;0;25;0;0.045;0.35;0;3.9;0.025;0.025;0.025;0.15;0.1;0;29.6;0;0.21;0
20036;Petits pois, appertisés, égouttés;342;81.5;79.5;0.64;257;16.3;73.1;71.5;20.6;0.17;1.29;0.079;0.42;1.68;0.9;5.12;10.7;3.59;0.05;0.14;0.17;0;0.04;2.6;4.04;0.29;5.75;0.8;0.15;0.066;0.41;0;0;0;0;0;0;0.13;0.015;0.061;0.34;0.07;0;0;0;0;514;0;0.21;53.4;0;6.9;0.12;0.059;0.89;0.2;0.053;0;26.5;0;0;0
20039;Poireau, cru;136;32.3;87.6;0.036;14.5;19;40.3;208;50.7;0.34;1.5;0.087;0.21;0.56;1.1;1.49;4.9;3.15;0.67;0;0.65;0;0.075;0.53;0.18;0.056;2.27;0.25;0.05;0.007;0.14;0;0;0;0;0;0;0.048;0.0023;0.007;0.11;0.03;1.3E-17;0;0;0;1000;0;0.74;47;0;18.5;0.065;0.065;0.5;0.13;0.24;0;73;0;0;0
20041;Poivron, vert, jaune ou rouge, cru;111;26.4;92.1;0.021;8.4;11.9;22.5;155;7.7;0.1;0.4;0.05;0.13;0.1;2.5;0.8;4.55;2.7;0.79;0;0.7;0.1;0.1;0.1;0.25;0.25;1.5;0.27;0.071;0.02;0.16;0;0;0;0;0.0011;0.0043;0.043;0.014;0.011;0.091;0.026;0.000033;0;0;1;834;0.25;1.44;4.86;0;121;0.041;0.041;0.74;0.12;0.38;0;40.7;0;0;0
20045;Radis rouge, cru;60.7;14.5;95.5;0.04;16;6.2;20;250;15;0.04;0.4;0.005;0.08;10;10;0.94;1.53;1.1;0.4;0;0.7;0.1;0.1;0.1;0.18;0.25;1.4;0.25;0.005;0.005;0.005;0.005;0.005;0.005;0.005;0.005;0.005;0.005;0.005;0.005;0.005;0.005;0.005;0.005;0.005;0;2.5;0;0.04;0.4;0;12.2;0.0075;0.005;0.05;0.09;0.063;0;95.4;0;0.01;0
20047;Tomate, crue;81.1;19.3;94.1;0.0081;3.22;10.1;26.6;256;8.14;0.066;0.12;0.029;0.087;5;0.2;0.86;2.49;2.48;1.4;0;1.08;0;0;0;0;0.013;1.2;0.26;0.056;0.035;0.12;0;0;0;0;0.00016;0.00073;0.041;0.011;0.035;0.093;0.0086;0;0;0;0;449;0;0.66;7.9;0;15.5;0.039;0.019;0.65;0.21;0.082;0;22.7;0;0.39;0
20048;Tomate, pelée, appertisée, égouttée;76.9;18.3;94.4;0.28;112;9.2;18;190;21.1;0.073;0.77;0.06;0.11;1.1;0.2;1.07;1.89;1.88;1.01;0;0.87;0;0.05;0.063;0.0025;0.0075;1.27;0.28;0.045;0.038;0.13;0;0;0;0;0;0;0.037;0.008;0.034;0.11;0.012;0;0;0;0;245;0;0.67;2.6;0;12;0.31;0.055;0.64;0.17;0.11;0;16;0;0.46;0
20051;Macédoine de légumes, appertisée, égouttée;170;40.4;87;0.61;243;10.6;42;291;40.7;0.15;1.05;0.072;0.28;1.1;0.2;2.32;5.59;1.73;0.59;0.095;0.62;0.095;0.095;0.24;0.18;0.039;3.16;0.28;0.076;0.016;0.12;0;0;0;0;0;0.001;0.044;0.005;0.0093;0.028;0.0093;0.0047;0;0;0;5670;0;0.29;18.2;0;5;0.046;0.048;0.58;0.14;0.079;0;24;0;0;0
20052;Artichaut, cru;190;45.3;84.9;0.15;60.5;47.8;81.2;387;52;0.26;1.19;0.23;0.49;0.23;0.5;3.2;4.92;0.99;0.44;0;0.39;0.055;0.055;0.055;0.6;0.25;5.4;0.18;0.036;0.005;0.064;0;0;0;0;0.002;0.002;0.029;0.003;0.0036;0.023;0.0066;0.000022;0;0;0;8;0;0.27;14.8;0;11.7;0.081;0.063;1.05;0.32;0.11;0;68;0;0.27;0
20055;Céleri-rave, cru;122;29.3;88.8;0.085;34;13;56;500;40;0.2;0.28;0.11;0.33;10;10;1.38;3.98;1.6;0.1;0;0.1;0.1;0.1;1.6;0.18;2.2;4.5;0.25;0.005;0.005;0.005;0.005;0.005;0.005;0.005;0.005;0.005;0.005;0.005;0.005;0.005;0.005;0.005;0.005;0.005;0;2.5;0;0.12;0.4;0;2.87;0.059;0.041;0.3;0.59;0.2;0;39;0;0.056;0
20056;Champignon de Paris ou champignon de couche, cru;118;28;93.9;0.098;39;10.5;96.6;364;6.03;0.076;0.31;0.35;0.5;6.47;1;2.62;3.15;2.5;0.49;0;2.01;0;0;0;0.2;0.45;1;0.36;0.067;0.012;0.14;0;0;0;0;0.00029;0.0013;0.036;0.013;0.003;0.14;0.00026;0;0;0;0;0;0.3;0.02;0;0;3.09;0.073;0.29;5;1.57;0.1;0;34.5;0;0.13;0
20057;Brocoli, cru;151;36;88.9;0.048;19;21.9;76.5;357;45.9;0.4;0.76;0.059;0.4;0.6;0.8;3.95;1.7;1.7;0.73;0;0.48;0.15;0.15;0.18;0;0;2.9;0.48;0.061;0.022;0.16;0;0;0;0;0;0.001;0.038;0.0065;0.0096;0.062;0.018;0.000058;0;0;0;361;0;1.04;181;0;106;0.074;0.12;0.82;0.78;0.17;0;153;0;1.1;0
20058;Chou de Bruxelles, cru;209;49.7;85;0.041;16.5;23.5;76.4;436;32.3;0.3;1.15;0.062;0.43;1.1;0.25;3.98;5.67;2.2;0.67;0;0.52;0;0;0.98;1;0.25;3.95;0.4;0.07;0.019;0.23;0;0;0.002;0;0;0;0.063;0.004;0.014;0.054;0.18;0;0;0;0;450;0;0.89;214;0;103;0.13;0.13;0.77;0.52;0.25;0;95.5;0;0;0
20059;Épinard, cru;120;28.7;91.6;0.17;66.7;52.5;45.2;504;114;1.3;3.61;0.1;0.82;0.1;3.4;2.62;2.25;0.32;0.086;0.071;0.078;0;0;0.082;1.93;0;2.37;0.5;0.064;0.021;0.26;0;0;0;0;0;0.0093;0.052;0.0028;0.021;0.045;0.22;0;0;0;0;5630;0;2.47;521;0;41.1;0.087;0.21;0.71;0.18;0.21;0;207;0;0;0
20060;Épinard, appertisé, égoutté;100;24.1;91.8;0.81;322;76;44;346;127;0.6;2.3;0.18;0.46;1.35;2.79;2.81;0.93;0.4;0.14;0.022;0.14;0.022;0.022;0.055;0.18;0.25;2.4;0.5;0.081;0.013;0.21;0;0;0;0;0;0.012;0.064;0.005;0.013;0.051;0.017;0.0083;0;0;0;5880;0;1.25;462;0;14.3;0.016;0.14;0.39;0.047;0.1;0;98;0;0.07;0
20061;Haricot vert, cru;135;32.2;90.4;0.0096;3.85;21;38.5;224;48.5;0.23;1.02;0.063;0.32;0.3;0.8;1.85;4.14;3.26;1.04;0;0.99;0;0;0.45;0.88;0;2.85;0.21;0.06;0.0085;0.11;0;0;0;0;0;0;0.051;0.0085;0.007;0.051;0.06;0;0;0;0;379;0;0.36;14.4;0;13.6;0.086;0.11;0.72;0.14;0.12;0;48.5;0;0.2;0
20062;Haricot vert, appertisé, égoutté;96.1;23.1;92.6;0.68;261;13;25.3;94;42.7;0.094;0.81;0.13;0.23;0.9;1.6;1.33;2.07;0.77;0.33;0;0.29;0;0;0.16;1;0.3;3.36;0.31;0.09;0.014;0.19;0;0;0;0;0;0;0.078;0.012;0.009;0.065;0.077;0.0052;0;0;0;122;0;0.14;38.9;0;3.1;0.053;0.053;0.15;0.15;0.03;0;20.5;0;0.15;0
20064;Navet, pelé, cru;110;26.2;91.9;0.11;42;9.5;38.5;237;40;0.1;0.4;0.063;0.25;1.25;0.5;0.76;4.7;3.8;0.79;0;0.7;0.1;0.1;0.1;0.69;0.21;1.9;0.1;0.011;0.006;0.053;0;0;0;0;0;0;0.01;0.001;0.002;0.013;0.0037;0.000012;0;0;0;0;0;0.03;0.1;0;18.5;0.04;0.038;0.7;0.2;0.085;0;17.5;0;0;0
20065;Chou-rave, cru;105;25.1;91;0.05;20;19;46;350;24;0.14;0.4;0.13;0.03;0.47;0.71;1.79;2.35;2.35;0.79;0;0.7;0.1;0.1;0.1;0;0;3.6;0.1;0.013;0.007;0.049;0;0;0;0;0;0;0.011;0.001;0.007;0.021;0.027;0;0;0;0;22;0;0.48;0.1;0;55.1;0.05;0.02;0.4;0.17;0.15;0;16;0;0.16;0
20066;Maïs doux, appertisé, égoutté;447;106;75.4;0.59;236;26.9;53.8;224;3.51;0.11;0.35;0.036;0.39;5;0.5;2.82;18.4;5.16;0.25;0.28;0.55;0;0.17;3.91;13.1;0.13;3.1;1.68;0.26;0.27;0.47;0;0;0;0;0.001;0.00067;0.21;0.041;0.27;0.46;0.017;0;0;0;0;22;0;0.29;0;0;3.55;0.033;0.048;1.04;0.29;0.13;0;75;0;0;0
20067;Artichaut, appertisé, égoutté;166;39.4;89.9;0.8;320;12.2;33;218;29.2;0.15;0.45;0.079;0.22;10;10;1.5;6.5;1.5;0.51;0.083;0.54;0.083;0.083;0.21;0.18;0.25;3;0.2;0;0.014;0.075;0;0;0;0;0;0;0;0;0.0067;0.02;0.0067;0.0033;0.00013;0.00018;0;209;0;0.43;4.65;0;6.6;0.032;0.037;0.41;0.16;0.07;0;27.2;0;0;0
20068;Tomate, concentré, appertisé;419;99.2;72;0.27;108;63.3;103;1010;45.6;0.05;1.2;0.05;0.05;0.4;4.4;4.4;17.1;13.3;6.6;0;6.7;0.25;0.25;0.25;0.22;0;4.2;0.53;0.093;0.062;0.2;0;0;0;0;0;0.00099;0.078;0.014;0.053;0.18;0.018;0;0;0;0;784;0;5.7;11.4;0;2.6;0.08;0.1;2.2;0.2;0.09;0;58;0;0;0
20069;Chou vert, cru;121;29;91.8;0.065;25.8;18;32.7;231;96.2;0.17;0.93;0.049;0.22;1.86;0.3;2.53;1.92;1.92;0.87;0;1;0;0.006;0.048;0;0;3.08;0.41;0.054;0.014;0.076;0;0;0;0;0.001;0.001;0.027;0.0025;0.013;0.036;0.039;0;0;0;0;321;0;0.16;121;0;69;0.059;0.039;0.26;0.17;0.15;0;67.9;0;0.44;0
20072;Petits pois, crus;281;66.9;79.2;0.0088;3.5;30.5;119;272;27.5;0.4;1.64;0.14;1;1.02;0.15;5.84;7;5.67;0.28;0;0.15;0;0.17;4.68;0.18;0.25;5.5;0.55;0.1;0.042;0.29;0;0;0;0;0;0;0.092;0.0075;0.042;0.24;0.048;0;0;0;0;449;0;0.075;47.4;0;41.5;0.29;0.13;2.15;0.43;0.16;0;45;0;0;0
20073;Asperge, pelée, crue;97.1;23.2;93.3;0.011;4.2;11.5;52;202;22;0.16;1.32;0.12;0.49;1;0.15;2.04;2.4;1.88;0.84;0;0.49;0;0;0.21;0.18;0.25;1.95;0.21;0.051;0.005;0.098;0;0;0;0;0;0;0.049;0.002;0.004;0.09;0.0081;0;0;0;0;449;0;0.72;40.3;0;8.8;0.13;0.12;0.99;0.17;0.076;0;101;0;0;0
20076;Asperge, appertisée, égouttée;72.3;17.3;94.2;0.73;291;8.5;35;142;15.8;0.16;1.09;0.076;0.42;0.2;0.7;1.58;1.43;1.23;0.63;0;0.45;0;0.075;0.15;0.084;0.12;1.5;0.27;0.085;0.012;0.17;0;0;0;0;0.0019;0.0039;0.074;0.0048;0.002;0.05;0.004;0.0045;0;0;0;493;0;0.74;41.3;0;18.4;0.046;0.07;0.63;0.1;0.11;0;72;0;0;0
20077;Chou de Bruxelles, appertisé, égoutté;156;37.4;88.9;0.57;222;12.2;53;252;26.3;0.1;0.7;0.03;0.2;1.5;1;2.5;4.1;2.5;0.62;0.1;0.65;0.1;0.1;0.25;0.18;0.25;3.3;0.53;0.078;0.058;0.29;0.00025;0.00025;0.0012;0.0011;0.0032;0.0039;0.056;0.012;0.018;0.054;0.018;0.0088;0.00034;0.00047;0;465;0;0.69;4.65;0;18;0.032;0.037;0.41;0.16;0.07;0;27.2;0;0;0
20078;Céleri branche, appertisé, égoutté;54.4;13.1;95;0.54;213;8;33;281;29.2;0.11;0.45;0.04;0.14;1;0.2;0.63;1.38;0.8;0.27;0.044;0.29;0.044;0.044;0.11;0.18;0.17;2;0.15;0.1;0.0079;0.042;0.000096;0.000096;0.00046;0.00042;0.0013;0.0015;0.022;0.0047;0.005;0.015;0.005;0.0025;0.000096;0.00013;0;56;0;0.43;4.65;0;6.6;0.032;0.037;0.41;0.16;0.07;0;27.2;0;0;0
20079;Champignon de Paris ou champignon de couche, appertisé, égoutté;80.8;19.4;92.9;0.63;251;4.85;47;72.1;22.2;0.027;0.9;0.17;0.44;0.5;2.5;2.23;0.7;0;0;0;0;0;0;0;0.2;0.4;2.5;0.37;0.065;0.006;0.27;0;0;0;0;0;0.0013;0.038;0.012;0.006;0.21;0.00059;0;0;0;0;10;0;0;0;0;6.5;0.081;0.12;0.5;0.34;0.025;0;29.6;0;0;0
20085;Poivron vert, cru;109;26;93;0.0063;2.5;7.7;17;160;6.2;0.07;0.22;0.04;0.11;10;10;0.81;3.43;3;1.5;0;1.5;0.1;0.1;0.1;0.18;0.25;3.2;0.25;0.005;0.005;0.005;0.005;0.005;0.005;0.005;0.005;0.005;0.005;0.005;0.005;0.005;0.005;0.005;0.005;0.005;0;154;0;0.28;0.4;0;26.9;0.0075;0.005;0.3;0.11;0.21;0;55.1;0;0.27;0
20087;Poivron rouge, cru;153;36.6;90.2;0.0063;2.5;8.2;19;180;4.8;0.08;0.21;0.04;0.14;10;10;1.06;5.98;4.8;2.6;0;2.2;0.1;0.1;0.1;0.18;1;3.2;0.25;0.005;0.005;0.005;0.005;0.005;0.005;0.005;0.005;0.005;0.005;0.005;0.005;0.005;0.005;0.005;0.005;0.005;0;554;0;3.45;3.16;0;121;0.036;0.11;0.34;0.18;0.31;0;81.8;0;0.45;0
20089;Radis noir, cru;123;29.2;91.4;0.058;23;10;32;300;39;0.06;0.23;0.01;0.15;10;10;0.94;5.52;4.3;1.4;0.1;2.6;0.1;0.1;0.3;0.18;0.25;1.2;0.15;0.005;0.005;0.005;0.005;0.005;0.005;0.005;0.005;0.005;0.005;0.005;0.005;0.005;0.005;0.005;0.005;0.005;0;2.5;0;0.04;0.4;0;9.58;0.021;0.016;0.23;0.14;0.077;0;17.3;0;0.0042;0
20091;Betterave rouge, crue;212;50.2;86.7;0.15;60.5;19;38.1;328;22.1;0.46;0.7;0.098;0.54;0.2;0.5;1.74;9.1;6.76;0.29;0;0.35;0;0;0.1;0.18;0.25;2.55;0.24;0.038;0.029;0.094;0;0;0;0;0;0;0.036;0.0015;0.026;0.078;0.016;0;0;0;0;20;0;0.06;0.2;0;6.45;0.028;0.043;0.27;0.15;0.059;0;100;0;0;0
20093;Petits pois et carottes, appertisés, égouttés;206;49;87.4;0.61;244;14;46;100;23;0.36;0.75;0.1;0.58;10;2;2.51;7.39;3.58;0.28;0;0.4;0.1;0.1;2.9;3.5;0.039;3.27;0.33;0.051;0.014;0.067;0.005;0.005;0.005;0.005;0.0025;0.0025;0.024;0.004;0.005;0.005;0.005;0.005;0.005;0.005;0;3000;0;0;4.65;0;6.6;0.074;0.053;0.58;0.12;0.088;0;18;0;0;0
20103;Champignon, chanterelle ou girolle, crue;137;33.1;88.7;0.016;5;10;53.5;449;8.33;0.28;3.52;0.39;0.84;0.9;3.3;2.28;2.3;1.87;0;0;1.16;0;0;0;0;0.43;4.23;0.78;0.5;0.022;0.26;0;0;0;0;0.0004;0.0029;0.089;0.014;0.016;0.1;0.029;0.000095;0;0;0;299;5.3;0.06;4.86;0;5.5;0.053;0.31;5.44;1.08;0.042;0;2;0;0;0
20105;Champignon, morille, crue;102;24.5;89.6;0.064;21;19;194;411;43;0.59;1.2;0.63;2.03;2.33;1.45;3.16;0.1;0.044;0;0;0.044;0;0;0;0;0.056;3.35;0.54;0.16;0.029;0.24;0;0;0;0.001;0;0.001;0.052;0.009;0.022;0.22;0;0.000066;0;0;0;0;5.1;0.05;4.86;0;5;0.069;0.21;2.25;0.44;0.14;0;9;0;0;0
20106;Champignon, truffe noire, crue;308;73.6;75.9;0.17;66;23.8;62;447;24;0.17;3.5;0.063;3.8;2.33;1.45;5.77;7.4;0.7;0.31;0;0.27;0.039;0.039;0.039;0.18;0.45;8.5;0.51;0.11;0;0.27;0;0;0;0;0.00026;0.0019;0.058;0.0092;0;0.066;0.019;0.000062;0;0;0;299;0;0.12;4.86;0;1;0.05;0.09;2;0.19;0.18;0;44;0;0;0
20114;Champignon, pleurote, crue;107;25.5;89.2;0.034;13.5;18;120;420;5;0.11;1.17;0.24;0.77;2.33;1.45;3.06;1.5;0.71;0;0;0.71;0;0;0;0;0.45;2.4;0.36;0.062;0.031;0.12;0;0;0;0;0;0;0.062;0;0.0072;0.047;0.013;0.000044;0;0;0;29;0.7;0;0;0;4;0.13;0.35;4.96;1.29;0.11;0;38;0;0;0
20116;Chou blanc, cru;153;36.5;90;0.033;13;11;33;240;59;0.1;0.3;0.02;0.16;20;10;1.38;4.63;4.2;1.8;0;2.4;0.1;0.1;0.1;0.18;0.25;3.5;0.6;0.27;0.17;0.1;0.005;0.005;0.005;0.005;0.01;0.02;0.17;0.07;0.16;0.06;0.04;0.005;0.005;0.005;0;2.5;0;0.04;9.6;0;8.88;0.04;0.005;0.2;0.18;0.17;0;69.6;0;0.18;0
20119;Tomate verte, crue;105;24.8;93;0.033;13;10;28;204;13;0.1;0.51;0.09;0.07;2.33;1.45;1.2;4;4;0.79;0;0.7;0.1;0.1;0.1;1.4E-16;1.7E-16;1.1;0.2;0.028;0.03;0.081;0;0;0;0;0;0;0.02;0.007;0.004;0.026;0.0074;0.000024;0;0;0;346;0;0.38;10.1;0;23.4;0.06;0.04;0.5;0.5;0.081;0;9;0;0;0
20135;Fondue de poireau;240;58.4;89.6;0.5;200;12.2;33;218;29.2;0.15;0.45;0.079;0.22;10;10;1.1;0;0;0;0;0;0;0;0;0;0;3.6;5.2;3.6;0.25;1.35;0.0033;0.0033;0.016;0.014;0.043;0.052;0.75;0.16;0.17;0.53;0.17;0.087;0.0033;0.0046;0;209;0;0.43;4.65;0;6.6;0.032;0.037;0.41;0.16;0.07;0;27.2;0;0;0
20156;Artichaut, fond, appertisé, égoutté;106;25.2;91.3;0.73;293;20;26;140;36;0.05;0.36;0.06;0.2;10;10;1.2;3.02;0.8;0.8;0;0.1;0.1;0.1;0.1;0.18;0.25;2.6;0.25;0.005;0.005;0.005;0.005;0.005;0.005;0.005;0.005;0.005;0.005;0.005;0.005;0.005;0.005;0.005;0.005;0.005;0;10.7;0.13;0.42;1.57;0;18;0.041;0.005;0.2;0.09;0.22;0;53.6;0;0.43;0
20160;Champignon, cèpe, cru;133;31.6;90.3;0.024;5;12;129;361;23;0.17;1;0.23;0.4;0;1.45;3.13;3.03;1.7;0.26;0;0.27;0.1;0.1;0.1;0.2;0.45;1.93;0.43;0.071;0;0.27;0;0;0;0;0.00022;0.0016;0.049;0.0078;0;0.056;0.016;0.000052;0;0;0;299;3.1;0.04;4.86;0;3;0.21;0.32;4.45;2.7;0.18;0;44;0;0;0
20162;Chicorée rouge, crue;78.7;18.9;94;0.018;7;12.2;30;180;36;0.17;0.3;0.063;0.2;2.33;1.45;1.4;1.6;1.6;0.71;0;0.63;0.089;0.089;0.089;0;0;3;0.1;0.02;0;0.05;0;0;0;0;0.000051;0.00038;0.011;0.0018;0;0.013;0.0037;0.000012;0;0;0;299;0;0.57;4.86;0;10;0.07;0.05;0.3;0.19;0.07;0;13;0;0;0
20167;Chou chinois ou pak-choi ou pé-tsai, cru;65.6;15.6;95.2;0.13;51;17.5;37.8;249;86.4;0.17;0.68;0.021;0.17;0.29;0.3;1.38;1.65;1.18;0.26;0;0.82;0.033;0.033;0.033;0.18;0.25;1.05;0.2;0.031;0.017;0.09;0;0;0;0;0.00099;0.00099;0.027;0.002;0.017;0.027;0.053;0;0;0;0;2680;0;0.11;45.5;0;40.3;0.04;0.065;0.48;0.092;0.19;0;73.6;0;0;0
20168;Poivron jaune, cru;130;30.7;91.9;0.0063;2.5;12;23;220;8.6;0.11;0.21;0.07;0.23;10;10;0.94;4.73;4.3;2.3;0;2;0.1;0.1;0.1;0.18;0.25;1.2;0.3;0.11;0.11;0.07;0.005;0.005;0.005;0.005;0.005;0.01;0.07;0.03;0.11;0.05;0.02;0.005;0.005;0.005;0;642;0;1.76;1.18;0;121;0.03;0.005;0.28;0.14;0.079;0;43.3;0;1.1;0
20169;Tomate, pulpe, appertisée;110;26.1;93;0.068;27.1;11;20;260;20;0.08;0.39;0.08;0.09;10;10;1.2;3.63;3.2;1.7;0;1.5;0.1;0.1;0.1;0.18;0.25;1.8;0.25;0.005;0.005;0.005;0.005;0.005;0.005;0.005;0.005;0.005;0.005;0.005;0.005;0.005;0.005;0.005;0.005;0.005;0;1980;0.13;1.3;0.4;0;10.5;0.036;0.023;0.65;0.054;0.083;0;30.2;0;0.45;0
20171;Laitue romaine, crue;69.3;16.6;94.6;0.02;8;14;30;247;33;0.16;0.97;0.048;0.23;1;1.25;1.24;1.2;1.19;0.8;0;0.39;0;0;0;0;0.01;2.1;0.3;0.04;0.012;0.16;0;0;0;0;0;0;0.035;0.0049;0.009;0.047;0.11;0;0;0;0;5230;0;0.13;103;0;14;0.072;0.067;0.31;0.14;0.074;0;136;0;0;0
20172;Tomate cerise, crue;142;33.7;90.1;0.0063;2.5;11;31;330;6.6;0.16;0.37;0.05;0.18;10;10;1.31;5.62;4.8;2.5;0;2.3;0.1;0.1;0.1;0.18;0.25;1.2;0.25;0.005;0.005;0.005;0.005;0.005;0.005;0.005;0.005;0.005;0.005;0.005;0.005;0.005;0.005;0.005;0.005;0.005;0;1360;0;0.4;2.83;0;21.8;0.048;0.018;0.92;0.079;0.096;0;17.6;0;0.56;0
20180;Oignon, séché;1470;348;3.93;0.053;170;92;303;1620;257;1.39;1.55;0.42;1.89;5.5;0;8.95;75;37.4;1.89;0;1.52;0;0.15;0.15;0;6.24;9.2;0.46;0.078;0.064;0.18;0;0;0;0;0;0.002;0.069;0.006;0.064;0.14;0.00039;0;0;0;0;11;0;0.18;3.8;0;75;0.5;0.1;0.99;1.38;1.6;0;166;0;0;0
20183;"Haricot mungo germé ou pousse de ""soja"", cru";124;29.5;91.7;0.043;17.1;16;43;120;16;0.12;0.44;0.1;0.32;25;10;2.57;3.4;3.4;0.79;0;0.7;0.1;0.1;0.1;0;0;1.7;0.25;0.0001;0.0001;0.0001;0.0001;0.0001;0.0001;0.0001;0.0001;0.0001;0.0001;0.0001;0.0001;0.0001;0.0001;0.0001;0.0001;0.0001;0;5;0.25;0.095;2.1;0;4.13;0.065;0.06;0.71;0.17;0.06;0;61.3;0;0;0
20189;Tomate, séchée;1150;272;14.6;0.62;247;194;356;3430;110;1.85;9.09;1.42;1.99;5.5;0;14.2;43.3;37.6;1.89;0;1.52;0;0.15;0.15;0;5.7;12.3;2.99;0.46;0.53;1.21;0;0;0;0;0;0.0045;0.35;0.1;0.53;1.2;0.012;0;0;0;0;524;0;0.01;43;0;39.2;0.53;0.49;9.05;2.09;0.33;0;68;0;0;0
20194;Haricots blancs à la sauce tomate, appertisés;310;73.7;78.9;0.93;349;18;99;214;57;0.13;0.72;0.078;0.59;10;10;4.67;10.1;1.65;0.15;0.05;0.15;0.1;0.15;0.3;2.9;0;5.5;0.4;0.16;0.14;0.059;0.00078;0.00083;0.00076;0.0007;0.0007;0.0021;0.06;0.018;0.11;0.042;0.0065;0.00034;0.0003;0.00031;0;182;0.13;1.56;12.7;0;2.63;0.058;0.071;0.47;0.31;0.073;0;33.8;0;0;0
20200;Laitue iceberg, crue;72.9;17.4;95.6;0.024;9.48;8.73;23.6;179;17.4;0.19;0.43;0.029;0.21;0.15;0.6;1.01;2.45;1.48;0.83;0;0.62;0;0;0.034;0.18;0.25;1.15;0.18;0.023;0.0063;0.088;0;0;0;0;0;0;0.021;0.0023;0.005;0.034;0.054;0;0;0;0;299;0;0.22;56.4;0;4.72;0.048;0.038;0.19;0.11;0.048;0;48;0;0;0
20202;Champignon noir, séché;1430;338;3.93;0.094;37.8;112;299;1600;78.5;1.29;2.2;0.95;1.94;5.5;0;7.27;75;0;0.15;0;0.15;0;0.15;0.15;0;6.24;9.2;0.075;0;0.019;0;0;0;0;0;0;0;0;0;0.013;0;0;0;0;0;0;11;0;0.01;3.8;0;57.1;0.4;0.44;6.34;1.74;0.65;0;116;0;0;0
20210;Concombre, pulpe, cru;61.6;14.7;96.3;0.0063;2.5;8.9;25;140;16;0.11;0.14;0.02;0.13;10;10;0.56;2.23;1.8;1;0;0.8;0.1;0.1;0.1;0.18;0.25;0.8;0.25;0.005;0.005;0.005;0.005;0.005;0.005;0.005;0.005;0.005;0.005;0.005;0.005;0.005;0.005;0.005;0.005;0.005;0;24.3;0;0.04;2.75;0;3.52;0.0075;0.005;0.05;0.15;0.042;0;7.2;0;0.021;0
20211;Champignon, lentin comestible ou shiitaké, séché;1330;316;9.5;0.033;13;132;294;1530;11;1.18;1.72;5.17;7.66;5.5;0;9.58;63.9;2.21;1.13;0;0.9;0;0.089;0.089;0;6.24;11.5;0.99;0.23;0.32;0.15;0;0;0;0.021;0.012;0.02;0.12;0.051;0.18;0.15;0.00042;0;0;0;0;0;3.9;0;0;0;3.5;0.3;1.27;14.1;21.9;0.97;0;163;0;0;0
20246;Petit pot légumes, dès 4-6 mois;110;26.3;92.2;0.042;16.6;8.83;24;135;18;0.11;0.22;0.033;0.18;0.75;10;0.9;3.8;3.7;0.5;0;0.5;0.1;0.1;2.7;0.18;0;2.6;0.25;0.0001;0.0001;0.0001;0.0001;0.0001;0.0001;0.0001;0.0001;0.0001;0.0001;0.0001;0.0001;0.0001;0.0001;0.0001;0.0001;0.0001;10.5;1720;0.25;0.79;1.17;0;0.25;0.023;0.01;0.96;0.17;0.05;0.069;7.27;0;0;350
20252;Soupe pour bébé légumes et pomme de terre;162;38.5;90.4;0.18;70.2;6.72;20;95.4;30.7;0.047;0.27;0.035;0.17;0.75;10;1;5.88;1.32;0.25;0;0.22;0.22;0.1;0.63;4.1;0;1.4;0.91;0.16;0.35;0.3;0.0034;0.0022;0.0013;0.0027;0.0037;0.012;0.086;0.037;0.34;0.26;0.034;0.0001;0.0001;0.0001;10.5;650;0.25;0.66;5.25;0;0.25;0.027;0.03;0.28;0.12;0.028;0.043;2.5;0;0;350
20269;Haricot plat, cru;135;32.2;92.2;0.049;2;12.2;33;258;60;0.17;0.8;0.063;0.21;2.33;1.45;1.93;4.47;1.3;0.7;0;0.6;0;0.15;0.15;0.18;0.25;2.97;0.12;0;0.0041;0.048;0;0;0;0;0;0;0;0;0.0024;0.016;0.0044;0.000015;0;0;0;299;0;0.16;4.86;0;16;0.048;0.042;0.44;0.19;0.096;0;42;0;0;0
20272;Mesclun ou salade, mélange de jeunes pousses;90.8;21.6;93.5;0.048;19;12.2;33;258;25;0.17;0.62;0.063;0.21;2.33;1.45;2;2.5;0;0;0;0;0;0;0;0.18;0.25;2;0;0;0;0;0;0;0;0;0;0;0;0;0;0;0;0;0;0;0;299;0;0.16;4.86;0;10;0.048;0.042;0.44;0.19;0.096;0;42;0;0;0
20275;Poivron rouge, appertisé, égoutté;131;31.3;90.3;1.14;440;12.5;19;156;25;0.12;0.63;0.098;0.15;10;10;0.91;4.42;3.64;1.99;0;1.65;0;0.15;0.15;0.18;0.25;1.7;0.77;0.089;0.15;0.37;0.00068;0.00068;0.00068;0.00068;0.00068;0.002;0.06;0.027;0.009;0.35;0.022;0.0014;0.00068;0.00068;0;1530;0;1.65;5.1;0;109;0.042;0.03;0.51;0.079;0.23;0;34;0;0;0
20276;Tomate ronde, crue;85.6;20.3;94.1;0.0063;2.5;7;20;210;6.8;0.1;0.17;0.02;0.08;10;10;0.5;3.59;2.8;1.6;0;1.2;0.1;0.1;0.1;0.18;0.25;1;0.25;0.005;0.005;0.005;0.005;0.005;0.005;0.005;0.005;0.005;0.005;0.005;0.005;0.005;0.005;0.005;0.005;0.005;0;807;0;0.38;1.13;0;16.3;0.048;0.005;0.45;0.061;0.07;0;13.5;0;0.035;0
20279;Asperge, verte, crue;102;24.3;92.5;0.014;3.85;12.2;85.5;267;22.4;0.17;1;0.063;0.21;2.33;1.45;2.46;2.03;1.5;0.66;0;0.59;0.084;0.084;0.084;0.18;0.25;2.15;0.27;0.069;0.007;0.16;0;0;0;0;0;0;0.067;0.002;0.005;0.15;0.013;0;0;0;0;299;0;0.16;4.86;0;15.5;0.048;0.042;0.44;0.19;0.15;0;150;0;0;0
20282;Asperge, blanche ou violette, pelée, crue;109;25.9;92.4;0.019;7.7;7.3;42.5;169;16.6;0.17;0.62;0.063;0.21;2.33;1.45;2.5;2.5;1.88;0.79;0;0.7;0.1;0.1;0.1;0.18;0.25;1.8;0.3;0.07;0.006;0.17;0;0;0;0;0;0;0.068;0.002;0.005;0.15;0.014;0.000036;0;0;0;299;0;0.16;4.86;0;18;0.048;0.042;0.44;0.19;0.072;0;150;0;0;0
20295;Salade feuille de chêne, crue;59.3;14.3;95.8;0.023;9;12;20;280;33;0.19;0.82;0.04;0.18;10;10;1.13;1.03;0.6;0.3;0;0.3;0.1;0.1;0.1;0.18;0.25;1.8;0.25;0.005;0.005;0.005;0.005;0.005;0.005;0.005;0.005;0.005;0.005;0.005;0.005;0.005;0.005;0.005;0.005;0.005;0;854;0;0.04;34.8;0;2.16;0.047;0.005;0.2;0.11;0.069;0;36.7;0;0.069;0
20508;Haricot flageolet, appertisé, égouttés;391;92.9;72;0.73;293;26.5;86;281;63.1;0.05;1.3;0.05;0.05;1.1;5;6.1;12.2;0.2;0.25;0;0.25;0.25;0.25;0.25;12;0;6.3;0.79;0.11;0.016;0.14;0;0;0;0;0;0.001;0.057;0.007;0.016;0.07;0.069;0.0014;0;0;0;25;0;0.37;3.4;0;0.5;0.07;0.16;0.79;0.025;0.05;0;23;0;0;0
20510;Lentille, cuisinée, appertisée, égouttée;361;85.7;73.5;0.59;230;15.8;82.7;178;21;0.4;1.67;0.12;0.55;2.8;3;6.28;11.8;0.42;0.13;0;0.13;0.1;0.13;0.26;10.2;0.25;4;0.64;0.11;0.15;0.26;0.005;0.005;0.005;0.00032;0.00097;0.0045;0.091;0.014;0.15;0.21;0.05;0.005;0.005;0.005;0;25;0;0.19;3.4;0;0;0.083;0.043;0.43;0.2;0.12;0;11;0;0;0
20511;Haricot blanc, appertisé, égoutté;366;87.1;70.1;0.69;270;51;91;454;73;0.52;2.99;0.23;1.12;10;3;6.57;10.9;0.52;0.066;0;0.066;0.066;0.066;0.26;10.2;0.22;7;0.4;0.11;0.026;0.13;0;0;0;0;0.00027;0;0.071;0.004;0.026;0.065;0.064;0.0013;0;0;0;0;0;0.79;2.9;0;0;0.096;0.037;0.11;0.19;0.075;0;65;0;0;0
20524;Haricot rouge, appertisé, égoutté;452;108;68.9;0.68;269;29;118;250;58;0.38;1.5;0.28;0.74;10;5;8.31;13;1;0.1;0;0.1;0.1;0.1;0.39;11.4;0.25;7;0.97;0.41;0.052;0.35;0;0;0;0;0;0.013;0.22;0.1;0.052;0.12;0.23;0;0;0;0;0;0;0.19;3.4;0;0.2;0.06;0.015;0.42;0.19;0.067;0;23;0;0;0
20532;Pois chiche, appertisé, égoutté;511;122;72.1;0.54;216;27.5;82.5;135;41.2;0.67;1.15;0.21;0.93;23.3;5;6.74;15;0.5;0.015;0;0.015;0.015;0.015;0.44;11.4;0.25;5.45;2.68;0.3;0.47;0.92;0;0;0;0;0;0.003;0.17;0.03;0.47;0.89;0.032;0;0;0;0;11.5;0;0.29;3.4;0;0.1;0.03;0.015;0.14;0.3;0.29;0;36.5;0;0;0
22000;Oeuf, cru;584;140;76.3;0.31;124;11;204;134;76.8;0.027;1.88;0.055;1.01;1.29;21;12.7;0.27;0.27;0.075;0;0.27;0;0.075;0.075;0;0;0;9.83;2.64;3.66;1.65;0.025;0.025;0.025;0.025;0.025;0.024;1.96;0.65;3.51;1.38;0.061;0.12;0;0.09;182;0;1.88;1.43;0.3;16.5;0;0.055;0.45;0.063;1.57;0.15;1.45;34;0;0;398
22001;Oeuf, blanc (blanc d'oeuf), cru;204;48.1;87.6;0.42;166;11;15;163;6;0.011;0.05;0.023;0.03;6;1.9;10.8;0.85;0.71;0.07;0.07;0.34;0.07;0.07;0.07;0;0;0;0.19;0;0.078;0;0;0;0;0;0;0;0;0;0;0;0;0;0;0;0;0;0;0;0;0.9;0;0.004;0.44;0.093;0.2;0.0035;0.09;5.5;0;0;0
22002;Oeuf, jaune (jaune d'oeuf), cru;1270;307;55;0.048;19.1;1.5;141;43;50.2;0.05;0.7;0.05;1.1;83.5;175;15.5;1.09;0.56;0.07;0.07;0.18;0.07;0.07;0.07;0;0;0;26.7;8.47;11.9;4.07;0;0;0.009;0.009;0.009;0.091;6.04;1.73;10.4;3.28;0.15;0.37;0.01;0.25;336;88;2;3.89;0.7;32.1;0;0.17;0.38;0.08;2.87;0.29;3.03;159;0;0;939
22050;Oeuf de caille, cru;639;154;74.4;0.35;141;13;226;132;64;0.038;3.65;0.062;1.47;6;21;13.1;0.41;0.4;0.045;0.045;0.17;0.045;0.045;0.045;0;0;0;11.1;3.56;4.32;1.32;0;0;0;0;0;0.053;2.67;0.84;4.32;0.57;0.069;0.15;0;0;155;11;1.4;1.08;0.3;16.5;0;0.13;0.79;0.15;1.76;0.15;1.58;66;0;0;844
22060;Oeuf de cane, cru;753;181;70.8;0.37;146;17;220;222;64;0.038;3.85;0.062;1.41;6;21;13;1.31;0.93;0.07;0.07;0.27;0.07;0.07;0.07;0;0;0;13.8;3.68;6.53;1.22;0;0;0;0;0;0.054;3;0.63;6.09;0.56;0.1;0.32;0;0;192;14;1.7;1.34;0.4;16.5;0;0.16;0.4;0.2;1.86;0.25;5.4;80;0;0;884
22070;Oeuf d'oie, cru;750;180;70.4;0.35;138;16;208;210;60;0.038;3.64;0.062;1.33;6;21;13.8;1.4;0.94;0.07;0.07;0.27;0.07;0.07;0.07;0;0;0;13.3;3.6;5.75;1.67;0;0;0;0;0;0.05;2.85;0.7;5.35;0.68;0.55;0.28;0;0;185;13;1.7;1.29;0.4;16.5;0;0.15;0.38;0.19;1.76;0.24;5.1;76;0;0;852
22080;Oeuf de dinde, cru;691;166;72.5;0.38;151;13;170;142;99;0.038;4.1;0.062;1.58;6;21;13.7;1.13;1;0.07;0.07;0.27;0.07;0.07;0.07;0;0;0;11.9;3.63;4.57;1.66;0;0;0;0;0;0.036;2.72;0.88;4.57;0.61;0.074;0.16;0;0;166;84;1.75;1.11;0;16.5;0;0.11;0.47;0.024;1.89;0.13;1.69;71;0;0;933
25088;Riz cantonais;691;164;62.9;0.86;361;8.47;60.6;78;16.7;0.1;0.4;0.05;0.5;1.18;2;5.46;23.6;1.28;0.05;0.05;0.075;0.05;0.05;0.38;18.4;0;1.74;4.94;0.75;1.48;2.4;0.025;0.02;0.015;0.028;0.0033;0.013;0.41;0.21;1.11;1.33;0.042;0.0093;0.0033;0.0041;4;60;0.25;0.91;1.05;0;0.97;0.12;0.051;1.1;0.18;0.085;0.14;33;0;0;15.8
25998;Hareng fumé, filet, doux;676;162;67.7;3.78;1510;39;250;380;62;0.03;0.7;0.08;0.51;30;10;18.1;0;0;0.15;0;0.15;0;0.15;0.15;0;0;0.25;9.9;2.24;5.51;1.59;0.005;0.005;0.005;0.005;0.02;0.86;1.14;0.11;0.78;0.11;0.07;0.02;0.49;0.56;10.5;0;17.7;1.72;0.4;0;0.25;0.0075;0.2;4.53;1.22;0.28;13.4;10.8;0;0;54.9
26011;Hareng, cru;734;176;71.5;0.22;89.2;27;235;342;61.6;0.027;1.21;0.15;0.79;31.2;54.1;17.7;0;0;0;0;0;0;0;0;0;0;0;11.7;2.82;5.59;2.43;0;0;0;0.0048;0.011;0.93;1.69;0.18;1.23;0.24;0.15;0.083;0.65;1.1;38.1;0;10.7;1.21;0.45;0.21;0.75;0.035;0.24;3.95;0.84;0.38;11.5;9.4;0;0;55.6
26013;Hareng fumé, au naturel;721;173;68.3;3.98;1590;34.8;155;226;62.4;0.05;1;0.05;0.6;28;40;16.5;0.5;0;0;0;0;0;0;0;0;0;0;11.7;2.76;1.6;5.13;0.002;0.002;0.002;0.002;0.014;0.73;1.34;0.13;1.05;0.15;0.12;0.039;2.98;1.11;12;0;22;1.35;0;0;0;0.02;0.23;3.45;0.55;0.37;11.8;10;0;0;49.9
26035;Sardine, sauce tomate, appertisée, égouttée;804;193;64.9;0.7;280;32.5;352;376;378;0.24;2.6;0.24;1.8;37.7;45.1;20.2;1.38;0.7;0.47;0;0.23;0;0.1;0.13;0;0;1.05;11.6;3.04;3.65;4.24;0.0033;0.0033;0.0033;0.0052;0.011;0.63;2.01;0.38;2.05;1.19;0.16;0.083;1.31;1.25;4;0;12.5;2.3;0;0;0;0.02;0.17;7.38;0.7;0.15;9.88;16;0;0;80.8
26036;Saumon, cru, élevage;807;194;66.5;0.16;45.4;27.4;181;358;5.84;0.05;0.48;0.05;0.36;16.5;8.21;20.5;0;0;0.044;0.025;0.044;0.0083;0.044;0.044;0;0;0.13;12.4;2.15;4.9;4.17;0;0;0;0;0.008;0.4;1.25;0.31;2.56;1.15;0.32;0.018;0.62;0.88;4.27;0.004;3.69;1.89;0.3;0.5;1.8;0.21;0.076;8.25;0.95;0.58;3.95;20.8;0;0;53.6
26037;Saumon fumé;743;178;63.1;3.51;1410;38.3;214;551;5.97;0.0098;0.16;0.035;0.24;5;40;22;0.91;0;0.075;0;0.075;0;0.075;0.075;0;0;0.13;9.49;2.06;4;3.09;0.0028;0.0028;0.0028;0.0028;0.015;0.28;1.54;0.22;1.76;0.73;0.25;0.032;0.63;0.79;15;4;5.45;2.85;0;0;0;0.23;0.1;10;0.71;1;3.35;26;0;0;72.1
26039;Thon, au naturel, appertisé, égoutté;471;111;72.7;0.74;251;24;155;207;6.26;0.0037;0.76;0.031;0.45;305;16;26.8;0;0;0;0;0;0;0;0;0;0;0;0.4;0.086;0.078;0.12;0.005;0.005;0.005;0.005;0.00016;0.011;0.071;0.0034;0.078;0.0042;0.0017;0.001;0.02;0.088;6.5;0;5.08;1.2;0;0;0;0.03;0.053;13.6;0.094;0.44;2.53;16.3;0;0;50
26043;Cabillaud, cru;329;77.6;79.8;0.23;65.2;25.6;163;357;4.43;0.05;0.49;0.05;0.39;136;101;18.1;0;0;0.05;0;0.05;0;0.05;0.05;0;0;0.1;0.57;0.1;0.068;0.22;0;0;0;0;0;0.0024;0.072;0.019;0.03;0.003;0.001;0.004;0.05;0.13;1;0;1.41;0.51;0.1;0.78;1;0.02;0.049;2.18;0.14;0.16;1.32;21.2;0;0;43.9
26053;Thon, cru;607;144;66.6;0.12;49;34.9;229;429;17.7;0.023;1.77;0.13;0.55;97.1;26.9;24;0;0;0;0;0;0;0;0;0;0;0;5.38;1.19;1.16;1.61;0;0;0;0;0;0.1;0.75;0.34;1.16;0;0.004;0;0.34;1.08;265;0;7.8;1.2;0;0.78;1.37;0.13;0.12;11;0.66;0.54;3.79;13.6;0;0;34
26065;Sardine, crue;683;163;64;0.22;101;36;286;584;57.5;0.33;1.67;0.41;1.5;52.8;26.8;19.5;0;0;0;0;0;0;0;0;0;0;0;9.48;2.4;1.2;3.25;0;0;0;0;0;0.32;1.74;0.35;0.019;0.1;0.47;0.01;1.09;1.58;28;0;14;0.28;0;0.78;2.5;0.038;0.23;7.56;0.81;0.47;8.6;3.18;0;0;78.9
26069;Thon rouge, cru;649;155;68.1;0.098;39;50;254;252;8;0.015;1.02;0.086;0.6;73.4;26.8;23.3;0;0;0;0;0;0;0;0;0;0;0;6.81;1.26;1.6;1.43;0;0;0;0;0;0.14;0.81;0.31;0.91;0.065;0.026;0.048;0.28;0.89;655;0;5.7;1;0;0.78;0;0.24;0.25;8.65;1.05;0.46;9.43;2;0;0;38
26076;Thon germon ou thon blanc, cru;514;121;69.5;0.29;77.7;37.6;242;355;3.5;0.05;0.95;0.05;0.38;188;14;27.2;0;0;0;0;0;0;0;0;0;0;0;1.37;0.26;0.22;0.27;0;0;0;0;0.0007;0.017;0.14;0.059;0.11;0.0046;0.0035;0.062;0.04;0.16;3.02;0;2.23;0.44;0;0.78;0;0.062;0.047;19.4;0.14;0.95;2.78;15.3;0;0;35.2
26087;Maquereau, fumé;1220;294;55.7;0.96;384;29;267;312;20;0.02;1.1;0.09;0.1;31.9;46.5;18.8;0;0;0;0;0;0;0;0;0;0;0;24.3;5.35;9.59;6.83;0.0052;0.0052;0.0052;0.0052;0.029;1.31;2.34;0.45;1.89;0.36;0.83;0.081;1.48;3.35;53.5;0;5.2;1.6;0;0;0;0.14;0.35;10;0.52;0.5;9.91;8;0;0;80
26119;Saumon, appertisé, égoutté;751;180;68.5;1.22;488;42;440;300;270;0.048;0.45;0.038;0.7;42;30;20.5;1.5;0;0;0;0;0;0;0;0;0;0;10.2;1.68;3.27;2;1.8E-17;1.6E-17;1.5E-17;1.8E-17;0;0.29;1.15;0.24;1.75;0.11;0.061;0.039;0.63;0.85;90;0;13;1.5;0;0;0;0.04;0.18;7;0.55;0.45;3.1;12;0;0;90
26123;Maquereau, au naturel, appertisé, égoutté;787;189;65.7;1.21;485;30.5;261;225;128;0.04;1.57;0.13;1.31;31.9;21.9;21.6;0;0;0;0;0;0;0;0;0;0;0;11.4;2.73;4.37;3.11;0;0;0;0;0.007;0.73;1.65;0.35;1.73;0.26;0.23;0.042;0.69;1.52;76.2;0;5.01;0.97;0.1;0;0;0.05;0.19;6.39;0.58;0.23;7.32;7.5;0;0;79.5
26186;Maquereau, mariné;768;185;66.6;2.29;915;13.6;92.9;90.8;14.6;0.05;0.6;0.09;0.25;16;17.5;16.3;0;0;0;0;0;0;0;0;0;0;0;13.3;2.31;4.31;4.22;0.0051;0.0051;0.0033;0.0039;0.007;0.2;1.43;0.39;3.07;1.52;0.49;0.043;0.74;1.02;34.5;0;7.3;4.33;0.25;0;0.25;0.037;0.13;3.18;0.22;0.25;2.7;12.4;0;0;85.1
26213;Hoki, tout lieu de pêche, cru;389;92.3;78.7;0.18;70.8;28.2;167;345;6.46;0.05;0.23;0.05;0.26;27.8;13.5;17.8;0;0;0;0;0;0;0;0;0;0;0;2.36;0.53;0.95;0.45;0;0;0;0;0.002;0.079;0.36;0.069;0.4;0.026;0.009;0.017;0.073;0.17;18.7;0;2.49;0.47;0;0.78;0;0.046;0.045;1.67;0.52;0.12;1.11;9.5;0;0;33.6
27017;Pangasius ou Poisson-chat, cru;276;65.2;83.8;0.68;274;17.6;107;200;36.7;0.05;0.21;0.05;0.24;9.6;7.95;13.5;0;0;0;0;0;0;0;0;0;0;0;1.27;0.47;0.44;0.17;0;0;0;0;0.0048;0.039;0.31;0.097;0.39;0.093;0.0048;0.009;0.0024;0.017;1;0;0.25;0.16;2.1;0.78;0;0.02;0.022;1.35;1.96;0.1;0.3;10;0;0;29.8
27021;Truite saumonée, crue;600;143;74.2;0.2;92.8;30.5;210;346;46.7;0;0.52;0.043;0.61;14.8;8.89;19.2;0;0;0;0;0;0;0;0;0;0;0;7.4;1.2;2.08;2.03;0;0;0;0;0.0032;0.13;0.85;0.21;0.99;0.071;0.028;0.052;0.43;0.86;20;0;18.7;0.64;0;0.78;0;0.16;0.09;3.47;0.4;0.25;4.7;22;0;0;48
28540;Pied de porc demi-sel;569;137;75;2.37;946;11;87;13;32;0.022;0.31;0.037;0.2;10;12;11.6;0.01;0;0;0;0;0;0;0;0.01;0;0;10;2.95;5.68;0.78;0;0;0;0;0;0.12;2.08;0.7;5.16;0.64;0.028;0.026;0;0;11;0;0.4;0.21;0;9;0;0.006;0.015;0.22;0.26;0.007;0.21;1;0;0;83
28860;Viande des Grisons;881;209;49.5;3.83;1530;46.6;278;660;30.8;0.05;1.8;0.15;5.9;9;53.8;38.9;1;1;0.1;0;0.19;0;0.075;0.1;2.8E-17;0;0;5.47;2.52;1.25;0.098;0.0027;0.0027;0.0026;0.0051;0.0052;0.14;1.47;0.72;1.25;0.087;0.011;0;0;0;3;0;0.25;0.005;0;9;0.25;0.062;0.26;11.8;1.33;0.7;2.39;33.9;0;0;91.9
30152;Merguez, pur boeuf, crue;1810;440;39.8;2.09;859;18.2;152;257;18.3;0.05;1.02;0.081;1.95;7;9.5;11;1;0.9;0.1;0;0.34;0.1;0.1;0.1;0;0;0;43.5;16.1;19.1;5.44;0.022;0.022;0.022;0.041;0.055;0.6;9.95;5.39;17.8;4.82;0.38;0.12;0.011;0.011;10.5;7.5;0.25;0.37;0;0;1.25;0.33;0.19;4.08;0.56;0.21;0.63;9;0;0;76.3
30315;Chorizo;1790;433;34;4.24;1690;13.8;149;209;20.2;0.05;1.1;0.08;1.5;10;7;23.5;3.05;2.01;0.1;0;0.19;0;0.075;0.1;0.19;0;0.93;36.1;14.3;16.3;3.93;0.018;0.018;0.017;0.035;0.037;0.51;8.51;4.25;15.3;5.3;0.29;0.14;0;0;7;663;0.36;0.41;0;9;0.7;0.24;0.16;3;0.5;0.21;0.68;10;0;0;77.2
31014;Pâte de fruits;1420;336;15;0.078;31;18;44;170;25;0.34;0.58;0.1;0.38;10;10;1.69;76.6;69.2;9.53;0.05;11;0.05;7.65;41;0.4;1.4;3.9;1.8;0.0001;0.0001;0.0001;0.0001;0.0001;0.0001;0.0001;0.0001;0.0001;0.0001;0.0001;0.0001;0.0001;0.0001;0.0001;0.0001;0.0001;0;2.5;0.13;3.72;1.84;0;5.13;0.15;0.3;3.69;0.15;0.34;0;12;0;0.49;0
31036;Dragée amande;1970;468;2.5;0.17;67;48;165;244;91;0.35;3.3;0.37;0.93;10;5.25;5;73.9;71.9;1.78;0.05;5.58;0.05;8.79;40.5;0;1.4;0;17.2;1.39;11.9;3.28;0.0022;0.0037;0.0037;0.0037;0.0037;0.0037;1.03;0.27;0.74;0.29;0.025;0.0035;0;0.0022;0;0;0;7.77;0.2;0;0;0.1;0.14;0.7;0.008;0.05;0;16;0;0;0
31039;Marmelade d'orange;1050;246;38.1;0.015;6;4.2;3.8;49;33;0.02;0.08;0.03;0.025;10;10;0.25;59.3;56.9;16.5;0.05;18.7;0.05;1.58;20.1;2.38;0;1.5;0.4;0.14;0.13;0.03;0.005;0.005;0.005;0.005;0.005;0.01;0.09;0.04;0.13;0.03;0.005;0.005;0.005;0.005;0;2.5;0.13;0.47;0.4;0;8.92;0.0075;0.005;0.05;0.051;0.02;0;6.27;0;0.58;0
31086;Gelée de fruits divers (extra ou classique);1070;252;39.9;0.019;7.5;5.7;10;100;9.9;0.2;0.17;0.03;0.025;10;10;0.35;61.6;61.6;19;0.05;19.4;0.075;0.15;16.9;0;0;1.28;0.17;0.017;0.053;0;0.0019;0;0;0;0.000023;0.000023;0.0085;0;0.051;0;0;0;0;0;0;2.5;0.13;0.47;0.4;0;8.92;0.0075;0.005;0.05;0.077;0.019;0;6.27;0;0;0
31101;"Barre céréalière ""équilibre"" aux fruits, enrichie en vitamines et minéraux";1600;379;8.45;0.75;297;20;85;140;511;0.9;8.05;0.35;0.85;15;20;6.13;72.8;30.2;2.07;0.049;5.61;0.43;5.72;16.3;40.6;1.98;4.13;6.53;3.5;0.53;0.73;0.0055;0.011;0.039;0.045;0.41;0.21;1.5;0.67;0.53;0.67;0.043;0.0026;0.0021;0.0026;0;8.59;0;2.8;9.29;0;50;1.07;1.25;14.4;5.1;1.45;1.47;169;0;0;0
31113;Barre céréalière aux fruits;1590;377;8.68;0.63;249;91;241;392;84;1.2;2.18;0.38;1.6;10;20;5.49;73.5;29.6;4.38;0.05;11.6;0.16;8.81;2.91;37.1;6.45;3.8;7.07;3.44;2.23;1.09;0.0039;0.023;0.25;0.2;0.75;0.31;1.59;0.3;2.23;0.96;0.13;0.0026;0.0026;0.0036;0;8.59;0;2.5;9.29;0;0;0.19;0.19;2.61;0.43;0.12;0.24;30;0;0;0
32005;Pétales de maïs natures, enrichis en vitamines et minéraux;1600;377;2.98;1.64;660;21.7;54;131;124;0.14;7.21;0.031;0.36;5;0.9;7.4;83.2;9.53;1.17;0;1.99;0.1;0.1;6.37;73.7;0;3.48;0.87;0.28;0.16;0.33;0;0;0;0;0.013;0.0095;0.085;0.021;0.16;0.32;0.01;0;0;0;0;0;4.2;0.14;0.3;0;0;1.06;1.33;15;5.51;1.42;1.95;182;0;0;0
32006;Riz soufflé nature, enrichi en vitamines et minéraux;1660;390;1.47;1.15;450;25.3;150;170;9.5;0.7;8;0.05;7;7.33;2;6.66;87;8;0.4;0;0.5;0.1;0.1;5.7;77;0;1;1.5;0.3;0.56;0.56;0;0;0;0;0.022;0.0095;0.19;0.028;0.36;0.46;0.013;0;0;0;0;0;0.25;0.16;0;0;0;1.2;1.3;14.9;0.64;1.7;0.83;166;0;0;0
32014;Pétales de maïs natures (non enrichis en vitamines et minéraux);1610;380;2.5;2.15;857;104;387;325;50;2.68;3.8;0.35;2.6;1.68;0;8.14;82.8;5.43;0.3;0;0.38;0.076;0.076;4.59;65;0;3.36;1.05;0.3;0.35;0.33;0;0;0;0;0.016;0.0066;0.14;0.019;0.25;0.32;0.0089;0;0;0;0;0;0;1.5;0;0;0;0.43;0.05;0.86;1.2;0.35;0;56;0;0;0
32107;Pétales de maïs glacés au sucre (non enrichis en vitamines et minéraux);1610;379;3.96;1.14;450;21;73;110;86;0.18;7;0.06;0.48;10;10;4.4;88;29.6;1.89;0.05;2.01;0.05;2.17;23.4;52.7;0;1.9;0.6;0.1;0.2;0.2;0.0012;0.0012;0.0012;0.0012;0.0012;0.0012;0.077;0.015;0.2;0.19;0.0056;0.0011;0.0011;0.0011;0;59.1;0.13;0.45;0.4;0;0.25;0.9;1.2;13.3;5;1.2;0;166;0;0;0
32108;Muesli croustillant aux fruits et/ou fruits secs, graines (non enrichi en vitamines et minéraux);1830;436;4.3;0.34;136;102;277;390;340;2.2;6.07;0.32;1.8;10;44;8.88;59.7;21.7;4.4;0;4.49;0.1;1.5;11.3;31.2;3.7;8.68;16.7;6.61;7.17;2.47;0.005;0.025;0.37;0.22;1.73;0.7;3.07;0.49;6.98;2.41;0.06;0.005;0.005;0.005;10.5;10.5;0.13;2.33;5.32;0;66.7;0.7;1.17;13.3;5;1.17;2.08;167;0;0;0.9
32110;Muesli floconneux aux fruits ou fruits secs, enrichi en vitamines et minéraux;1520;361;9.8;0.49;196;90;310;520;59;2.2;5.5;0.32;1.7;10;20;9.19;65.4;23.8;4.98;0.05;4.4;3.66;0.42;10.3;41.6;0;8.6;5;0.75;2.4;1.58;0.005;0.005;0.005;0.005;0.005;0.005;0.65;0.09;2.31;1.53;0.05;0.005;0.005;0.005;0;2.5;0.13;0.8;2.89;0;0.25;0.71;0.81;10.5;0.84;1.01;1.58;183;0;0.25;0
32111;Muesli croustillant aux fruits ou fruits secs, enrichi en vitamines et minéraux;1930;460;3.05;1;390;71.8;206;382;57.3;2.1;5.77;0.39;1.6;10.5;0;5.67;68.4;30;2.83;0;2.92;0.1;0.55;18.5;37.3;0;3.83;17.3;8.33;5.83;2.41;0.001;0.049;0.54;0.39;1.93;0.79;4;0.63;5.83;2.36;0.044;0;0;0.0094;1;0;0.25;2.15;5.32;0;17.3;0.8;0.93;10.5;6.75;1.13;0.89;204;0;0;2.93
32113;Muesli floconneux aux fruits ou fruits secs, sans sucres ajoutés;1680;400;9.21;0.25;100;74.5;315;460;143;1.61;3.2;0.39;1.86;7.45;2;10.7;61.6;18.6;6.9;0.05;6;0.1;0.1;2.8;43;0;5.7;11;1;5.2;4.32;0.025;0.0035;0.039;0.033;0.27;0.11;0.46;0.079;4.8;2.8;0.063;0.0095;0.0095;0.0095;0;4;0.25;4.6;0;0;0.25;0.67;0.28;2.1;0.6;1.08;0.04;96.7;0;0;0
32121;Pétales de maïs glacés au sucre, enrichis en vitamines et minéraux;1590;374;3.6;1.27;500;10;30;70;371;0.18;7.18;0.06;0.3;4.4;5;5.77;84.7;30;0;0;0;0;0;30;50;0;3.02;0.63;0.18;0.097;0.17;0.0014;0.0014;0.0014;0.0014;0.0014;0.0014;0.089;0.018;0.097;0.16;0.0047;0.00096;0.00096;0.00096;5.25;59.1;4.2;12;0.4;0;0.25;0.95;1.23;13.7;5.11;1.26;1.91;169;0;0;0
32136;Muesli croustillant, au quinoa;1790;425;3.35;0.057;22.9;102;277;390;340;2.2;6.07;0.32;1.8;10;44;9.92;71.2;25.9;2.4;0;4.2;0.1;2.7;1.9;34.3;1.85;3.4;10.7;4.09;3.65;1.65;0.0032;0.027;0.29;0.2;1.47;0.56;0.96;0.56;3.61;1.57;0.068;0.0032;0.0032;0.0045;0;10.5;0.13;2.33;5.32;0;66.7;0.7;1.17;13.3;5;1.17;0;167;0;0;0
32138;Muesli floconneux aux fruits ou fruits secs (non enrichi en vitamines et minéraux);1560;369;8.8;0.1;40;74.5;240;460;143;1.61;3.2;0.39;1.86;7.45;2;9.5;61.7;20.6;7.9;0.05;8.15;0.05;0.56;3.98;41.1;0;11;6.9;2.12;2.92;1.48;0.005;0.005;0.12;0.07;0.54;0.23;0.96;0.18;2.84;1.4;0.08;0.005;0.005;0.005;0;4;0.25;4.6;0;0;0.25;0.67;0.28;2.1;0.6;1.08;0;96.7;0;0.2;0
36027;Poulet, croquette panée ou nuggets;1050;250;48.6;1.37;547;25;190;270;25;0.23;1;0.07;0.67;10;60;15.6;19.4;1.3;0.1;0.1;0.7;0.1;0.6;0.1;16.6;0.25;2.4;11.6;2.68;8.05;0.25;0.005;0.005;0.04;0.005;0.02;0.05;1.82;0.64;7.44;0.02;0.21;0.01;0.005;0.005;26.5;16.4;0.13;2.41;0.99;0;0.25;0.083;0.025;7.15;0.77;0.098;0.23;10.9;0;0.41;1
36036;Poulet, escalope panée;1410;339;41.8;1.26;504;26;160;230;22;0.33;1.6;0.05;0.8;25;10;7.25;21.7;1.9;0.1;0;0.9;0.1;1;0.2;14.7;0;3.4;24;5.28;12.3;5.04;0.0057;0.0057;0.023;0.023;0.0057;0.068;3.97;1.04;10.9;4.79;0.2;0.023;0.0057;0.0057;40.2;0;0.25;4.55;0.4;0;0.5;0.11;0.02;3.71;0.71;0.14;0.45;9.85;0;0;49.3
36307;Dinde, cuisse, viande sans peau, crue;461;109;76;0.31;124;25;176;226;11;0.014;1.04;0.092;2.59;28;5;21.3;0.4;0.1;0;0;0;0;0;0.1;0.05;0;0;2.5;0.68;0.76;0.61;0;0;0;0.002;0.01;0.024;0.44;0.19;0.76;0.44;0.033;0.017;0.001;0.002;13;0;0.3;0.12;0;0;0;0.062;0.26;5.7;0.94;0.44;2.05;7;0;0;79
36318;Dinde, escalope viennoise ou milanaise ou escalope panée;882;211;59.2;1.03;356;25;200;259;14;0.02;1.2;0.07;1.86;10;5;14.1;13.5;1.07;0;0;0;0;0;0;0;0;1.3;10.9;1.53;4.25;2.29;0;0;0;0.0017;0.0095;0.034;1.13;0.36;3.6;1.92;0.14;0.075;0.0053;0.0087;14.5;0;0.23;0.35;0.99;0;0.5;0.07;0.17;7.53;0.95;0.43;0.42;6.5;0;0;101
39212;Riz au lait, rayon frais;533;126;71.5;0.13;51.3;10.9;75;96;61.6;0.05;0.2;0.05;0.4;2.5;8.83;3.34;21.4;13;0.94;0.044;0.64;3.05;0.68;6.86;8.39;0;0.28;3.01;1.97;0.79;0.1;0.079;0.055;0.035;0.08;0.097;0.33;0.95;0.31;0.68;0.074;0.014;0.0025;0.0025;0.0025;26.5;11;0.25;0.095;0.4;0;0.25;0.02;0.14;0.21;0.32;0.043;0.04;22;0;0;9
39228;Mousse aux fruits, rayon frais;227;53.6;85.4;0.09;36;9.1;98;130;140;0.05;0.08;0.01;0.33;10;10;6.25;5.51;4.31;1.04;0.17;0.25;2.32;0.05;0.53;0.4;0;1.2;0.15;0.005;0.005;0.005;0.005;0.005;0.005;0.005;0.005;0.005;0.005;0.005;0.005;0.005;0.005;0.005;0.005;0.005;10.5;11.3;1.16;0.095;0.4;0;0.25;0.0075;0.14;0.05;0.37;0.02;0.4;7.39;0;0.92;5.48